Model,Task,Noise_Type,Noise_Level,Seed,accuracy_gap,dp_diff,Acc_Black,Acc_East Asian,Acc_Indian,Acc_Latino_Hispanic,Acc_Middle Eastern,Acc_Southeast Asian,Acc_White,Acc_female,Acc_male,Acc_0-2,Acc_10-19,Acc_20-29,Acc_3-9,Acc_30-39,Acc_40-49,Acc_50-59,Acc_60-69,Acc_70+
Baseline,race,clean,0,0,0.0907,,0.5299,0.3857,0.3506,0.2745,0.1391,0.2683,0.5746,,,,,,,,,,,
Baseline,race,cutout,1,0,0.0381,,0.6194,0.4357,0.2987,0.3072,0.2957,0.2195,0.4917,,,,,,,,,,,
Baseline,race,cutout,2,0,0.0408,,0.5746,0.4357,0.3182,0.3268,0.2957,0.2033,0.5304,,,,,,,,,,,
Baseline,race,cutout,3,0,0.0951,,0.5821,0.3857,0.2597,0.3072,0.3478,0.2683,0.5580,,,,,,,,,,,
Baseline,race,defocus,1,0,0.0618,,0.5299,0.3357,0.2143,0.2418,0.0957,0.2276,0.6851,,,,,,,,,,,
Baseline,race,defocus,2,0,0.0830,,0.6343,0.1000,0.1429,0.1569,0.0348,0.0488,0.6906,,,,,,,,,,,
Baseline,race,defocus,3,0,0.0759,,0.5672,0.0071,0.2208,0.0654,0.0174,0.0000,0.8177,,,,,,,,,,,
Baseline,race,gaussian,1,0,0.0091,,0.7537,0.1357,0.1948,0.1830,0.2174,0.0163,0.4309,,,,,,,,,,,
Baseline,race,gaussian,2,0,0.0514,,0.5075,0.2000,0.4091,0.0654,0.2783,0.0325,0.2597,,,,,,,,,,,
Baseline,race,gaussian,3,0,0.0068,,0.2463,0.1857,0.3831,0.0392,0.4174,0.1057,0.1713,,,,,,,,,,,
Baseline,race,glass,1,0,0.0745,,0.5448,0.3071,0.3961,0.3203,0.1913,0.2683,0.5967,,,,,,,,,,,
Baseline,race,glass,2,0,0.0801,,0.4328,0.3357,0.3831,0.2222,0.1652,0.1789,0.5414,,,,,,,,,,,
Baseline,race,glass,3,0,0.0588,,0.4925,0.2500,0.2662,0.2549,0.1217,0.2033,0.5912,,,,,,,,,,,
Baseline,race,impulse,1,0,0.0300,,0.1343,0.2643,0.3896,0.1176,0.1043,0.1870,0.4917,,,,,,,,,,,
Baseline,race,impulse,2,0,0.0240,,0.0970,0.3071,0.3506,0.1242,0.0609,0.3577,0.3370,,,,,,,,,,,
Baseline,race,impulse,3,0,0.0308,,0.0672,0.2071,0.2922,0.0523,0.0435,0.4715,0.2486,,,,,,,,,,,
Baseline,race,jpeg,1,0,0.0926,,0.5224,0.3857,0.3506,0.2745,0.1391,0.2683,0.5746,,,,,,,,,,,
Baseline,race,jpeg,2,0,0.0054,,0.3806,0.3500,0.5065,0.2745,0.1043,0.0813,0.5635,,,,,,,,,,,
Baseline,race,jpeg,3,0,0.0775,,0.2985,0.1214,0.4675,0.0850,0.0348,0.0081,0.6685,,,,,,,,,,,
Baseline,race,shot,1,0,0.0178,,0.7164,0.2071,0.2403,0.1830,0.2348,0.0488,0.4475,,,,,,,,,,,
Baseline,race,shot,2,0,0.0098,,0.4776,0.1286,0.5195,0.1176,0.3043,0.0650,0.2707,,,,,,,,,,,
Baseline,race,shot,3,0,0.0112,,0.2015,0.1500,0.4156,0.0196,0.3652,0.0732,0.2044,,,,,,,,,,,
Baseline,race,clean,0,1,0.0217,,0.5149,0.3857,0.3766,0.2418,0.1826,0.1951,0.5801,,,,,,,,,,,
Baseline,race,cutout,1,1,0.0282,,0.5597,0.4857,0.3377,0.2549,0.3304,0.1626,0.5304,,,,,,,,,,,
Baseline,race,cutout,2,1,0.0167,,0.5299,0.5571,0.2922,0.2941,0.3391,0.1707,0.5138,,,,,,,,,,,
Baseline,race,cutout,3,1,0.0676,,0.5224,0.5214,0.2208,0.3137,0.4000,0.1626,0.5028,,,,,,,,,,,
Baseline,race,defocus,1,1,0.0591,,0.4925,0.2357,0.2922,0.2222,0.0870,0.2520,0.7017,,,,,,,,,,,
Baseline,race,defocus,2,1,0.0417,,0.5672,0.0500,0.3052,0.0458,0.0783,0.0813,0.7238,,,,,,,,,,,
Baseline,race,defocus,3,1,0.0282,,0.4925,0.0000,0.3961,0.0196,0.0435,0.0163,0.7624,,,,,,,,,,,
Baseline,race,gaussian,1,1,0.0013,,0.6119,0.2643,0.1169,0.2418,0.3826,0.0732,0.3204,,,,,,,,,,,
Baseline,race,gaussian,2,1,0.0068,,0.5149,0.2500,0.1948,0.1242,0.4000,0.1220,0.1878,,,,,,,,,,,
Baseline,race,gaussian,3,1,0.0423,,0.2836,0.1786,0.1429,0.0588,0.1565,0.4472,0.1547,,,,,,,,,,,
Baseline,race,glass,1,1,0.0498,,0.5522,0.3143,0.4091,0.2614,0.2348,0.2195,0.5138,,,,,,,,,,,
Baseline,race,glass,2,1,0.0324,,0.5224,0.4214,0.3506,0.1961,0.2261,0.1220,0.4807,,,,,,,,,,,
Baseline,race,glass,3,1,0.0679,,0.5299,0.2429,0.3117,0.2092,0.1391,0.1626,0.5470,,,,,,,,,,,
Baseline,race,impulse,1,1,0.0155,,0.1866,0.1643,0.2143,0.1373,0.4696,0.3577,0.1657,,,,,,,,,,,
Baseline,race,impulse,2,1,0.0062,,0.1269,0.1571,0.1494,0.0654,0.4261,0.5122,0.0608,,,,,,,,,,,
Baseline,race,impulse,3,1,0.0319,,0.0970,0.0786,0.1364,0.0327,0.4000,0.5610,0.0773,,,,,,,,,,,
Baseline,race,jpeg,1,1,0.0217,,0.5149,0.3857,0.3766,0.2418,0.1826,0.1951,0.5801,,,,,,,,,,,
Baseline,race,jpeg,2,1,0.0287,,0.3731,0.3643,0.4610,0.2484,0.0783,0.0813,0.6685,,,,,,,,,,,
Baseline,race,jpeg,3,1,0.0304,,0.3284,0.1857,0.3636,0.0980,0.0783,0.0163,0.7790,,,,,,,,,,,
Baseline,race,shot,1,1,0.0218,,0.6119,0.2643,0.1494,0.2157,0.3478,0.0813,0.3757,,,,,,,,,,,
Baseline,race,shot,2,1,0.0302,,0.5075,0.2143,0.2143,0.1307,0.3217,0.1545,0.2873,,,,,,,,,,,
Baseline,race,shot,3,1,0.0367,,0.2910,0.1571,0.1104,0.0588,0.2261,0.3821,0.2099,,,,,,,,,,,
Baseline,race,clean,0,2,0.0577,,0.5522,0.3643,0.3896,0.2353,0.2087,0.2520,0.5912,,,,,,,,,,,
Baseline,race,cutout,1,2,0.0336,,0.5746,0.4214,0.3182,0.2026,0.3391,0.1707,0.5912,,,,,,,,,,,
Baseline,race,cutout,2,2,0.0223,,0.5522,0.4500,0.3312,0.2222,0.3739,0.1870,0.5580,,,,,,,,,,,
Baseline,race,cutout,3,2,0.0577,,0.5522,0.4571,0.2987,0.2484,0.3652,0.1870,0.5304,,,,,,,,,,,
Baseline,race,defocus,1,2,0.0480,,0.5075,0.3143,0.2273,0.1830,0.1391,0.2439,0.6409,,,,,,,,,,,
Baseline,race,defocus,2,2,0.0431,,0.5746,0.0500,0.1558,0.1242,0.2696,0.0813,0.6298,,,,,,,,,,,
Baseline,race,defocus,3,2,0.0202,,0.5224,0.0000,0.2987,0.0261,0.2261,0.0163,0.7017,,,,,,,,,,,
Baseline,race,gaussian,1,2,0.0167,,0.5896,0.1143,0.2403,0.1307,0.4957,0.0163,0.3757,,,,,,,,,,,
Baseline,race,gaussian,2,2,0.0016,,0.3507,0.0429,0.4416,0.0523,0.5565,0.0244,0.3591,,,,,,,,,,,
Baseline,race,gaussian,3,2,0.0316,,0.1567,0.0214,0.3312,0.0196,0.4609,0.2520,0.1989,,,,,,,,,,,
Baseline,race,glass,1,2,0.0606,,0.5746,0.2857,0.4610,0.2810,0.2783,0.2276,0.5470,,,,,,,,,,,
Baseline,race,glass,2,2,0.0896,,0.4851,0.3643,0.4156,0.2157,0.2087,0.1057,0.5470,,,,,,,,,,,
Baseline,race,glass,3,2,0.0906,,0.5672,0.2214,0.2922,0.2549,0.1739,0.1789,0.5083,,,,,,,,,,,
Baseline,race,impulse,1,2,0.0033,,0.1493,0.0786,0.4091,0.1111,0.4783,0.1545,0.1934,,,,,,,,,,,
Baseline,race,impulse,2,2,0.0292,,0.1045,0.0500,0.3377,0.0719,0.5391,0.2602,0.1271,,,,,,,,,,,
Baseline,race,impulse,3,2,0.0405,,0.0896,0.0286,0.2338,0.0261,0.4957,0.4228,0.0552,,,,,,,,,,,
Baseline,race,jpeg,1,2,0.0537,,0.5522,0.3643,0.3831,0.2353,0.2087,0.2520,0.5967,,,,,,,,,,,
Baseline,race,jpeg,2,2,0.0454,,0.2463,0.2214,0.7662,0.1830,0.1130,0.0813,0.5304,,,,,,,,,,,
Baseline,race,jpeg,3,2,0.0251,,0.1418,0.0500,0.7468,0.0980,0.0609,0.0000,0.5691,,,,,,,,,,,
Baseline,race,shot,1,2,0.0246,,0.5672,0.1571,0.2468,0.1307,0.4348,0.0244,0.4696,,,,,,,,,,,
Baseline,race,shot,2,2,0.0089,,0.3881,0.0500,0.4221,0.0980,0.5565,0.0650,0.3867,,,,,,,,,,,
Baseline,race,shot,3,2,0.0009,,0.1642,0.0143,0.2338,0.0196,0.4696,0.2195,0.2320,,,,,,,,,,,
Baseline,race,clean,0,3,0.0322,,0.5373,0.4000,0.3961,0.2549,0.2348,0.2358,0.5746,,,,,,,,,,,
Baseline,race,cutout,1,3,0.0554,,0.6119,0.3929,0.2987,0.3987,0.2000,0.2439,0.5525,,,,,,,,,,,
Baseline,race,cutout,2,3,0.0070,,0.5149,0.3929,0.3442,0.3660,0.2783,0.2276,0.5635,,,,,,,,,,,
Baseline,race,cutout,3,3,0.0664,,0.5224,0.3714,0.3052,0.3072,0.2348,0.2846,0.5193,,,,,,,,,,,
Baseline,race,defocus,1,3,0.0733,,0.5149,0.3214,0.2403,0.1765,0.1826,0.2520,0.6464,,,,,,,,,,,
Baseline,race,defocus,2,3,0.0177,,0.5970,0.0786,0.1688,0.1373,0.1826,0.1301,0.6188,,,,,,,,,,,
Baseline,race,defocus,3,3,0.0393,,0.5373,0.0143,0.2403,0.0784,0.1130,0.0488,0.6906,,,,,,,,,,,
Baseline,race,gaussian,1,3,0.0199,,0.7015,0.1571,0.0779,0.3268,0.3217,0.0488,0.2873,,,,,,,,,,,
Baseline,race,gaussian,2,3,0.0286,,0.4851,0.1571,0.0714,0.2418,0.3304,0.2114,0.1713,,,,,,,,,,,
Baseline,race,gaussian,3,3,0.0410,,0.1493,0.0786,0.0390,0.0784,0.1043,0.7561,0.0773,,,,,,,,,,,
Baseline,race,glass,1,3,0.0589,,0.5597,0.3214,0.3896,0.2680,0.2435,0.2276,0.5470,,,,,,,,,,,
Baseline,race,glass,2,3,0.0393,,0.4627,0.3500,0.4091,0.1961,0.2174,0.1382,0.5635,,,,,,,,,,,
Baseline,race,glass,3,3,0.0406,,0.5000,0.2286,0.2727,0.2288,0.1913,0.1626,0.5967,,,,,,,,,,,
Baseline,race,impulse,1,3,0.0131,,0.0970,0.2786,0.3442,0.2026,0.2087,0.3008,0.2044,,,,,,,,,,,
Baseline,race,impulse,2,3,0.0097,,0.1269,0.2500,0.2013,0.1961,0.2174,0.4309,0.1768,,,,,,,,,,,
Baseline,race,impulse,3,3,0.0146,,0.1194,0.1286,0.0974,0.1046,0.1913,0.5935,0.1215,,,,,,,,,,,
Baseline,race,jpeg,1,3,0.0322,,0.5373,0.4000,0.3961,0.2549,0.2348,0.2358,0.5746,,,,,,,,,,,
Baseline,race,jpeg,2,3,0.0455,,0.3881,0.3000,0.5195,0.2810,0.1217,0.0732,0.5746,,,,,,,,,,,
Baseline,race,jpeg,3,3,0.0120,,0.3134,0.1714,0.5065,0.1569,0.1130,0.0163,0.5912,,,,,,,,,,,
Baseline,race,shot,1,3,0.0017,,0.6418,0.1714,0.0779,0.2680,0.2609,0.0894,0.3757,,,,,,,,,,,
Baseline,race,shot,2,3,0.0090,,0.5522,0.1357,0.1299,0.2680,0.3304,0.2927,0.2099,,,,,,,,,,,
Baseline,race,shot,3,3,0.0381,,0.2612,0.0786,0.1234,0.1046,0.1304,0.6423,0.0994,,,,,,,,,,,
Baseline,race,clean,0,4,0.0584,,0.5224,0.3929,0.3052,0.2418,0.2348,0.2195,0.6022,,,,,,,,,,,
Baseline,race,cutout,1,4,0.0105,,0.4701,0.4071,0.3442,0.3333,0.4000,0.2195,0.5193,,,,,,,,,,,
Baseline,race,cutout,2,4,0.0226,,0.4701,0.4357,0.3701,0.2745,0.4087,0.1870,0.5414,,,,,,,,,,,
Baseline,race,cutout,3,4,0.0169,,0.4403,0.4143,0.3182,0.2549,0.4783,0.2358,0.5801,,,,,,,,,,,
Baseline,race,defocus,1,4,0.0283,,0.4552,0.3357,0.3247,0.1830,0.1565,0.2195,0.6906,,,,,,,,,,,
Baseline,race,defocus,2,4,0.0105,,0.2612,0.1071,0.5455,0.0980,0.1739,0.0488,0.5691,,,,,,,,,,,
Baseline,race,defocus,3,4,0.0388,,0.1716,0.0214,0.5974,0.0654,0.1391,0.0000,0.6022,,,,,,,,,,,
Baseline,race,gaussian,1,4,0.0020,,0.6567,0.1500,0.1234,0.2810,0.3913,0.0569,0.2818,,,,,,,,,,,
Baseline,race,gaussian,2,4,0.0216,,0.4104,0.1286,0.1818,0.1634,0.5391,0.1301,0.2320,,,,,,,,,,,
Baseline,race,gaussian,3,4,0.0227,,0.2015,0.0786,0.0584,0.1046,0.4174,0.3659,0.1436,,,,,,,,,,,
Baseline,race,glass,1,4,0.0748,,0.5746,0.2571,0.3831,0.2549,0.2087,0.2114,0.5414,,,,,,,,,,,
Baseline,race,glass,2,4,0.0572,,0.5373,0.3214,0.3701,0.2092,0.2435,0.1301,0.5359,,,,,,,,,,,
Baseline,race,glass,3,4,0.0427,,0.5075,0.2857,0.3506,0.1895,0.1739,0.1707,0.5249,,,,,,,,,,,
Baseline,race,impulse,1,4,0.0434,,0.0746,0.0571,0.3766,0.1569,0.3913,0.1870,0.3536,,,,,,,,,,,
Baseline,race,impulse,2,4,0.0579,,0.1194,0.0357,0.2662,0.0719,0.4348,0.3821,0.2320,,,,,,,,,,,
Baseline,race,impulse,3,4,0.0442,,0.0821,0.0071,0.1558,0.0588,0.3826,0.4959,0.1492,,,,,,,,,,,
Baseline,race,jpeg,1,4,0.0581,,0.5149,0.3929,0.3052,0.2418,0.2348,0.2114,0.6022,,,,,,,,,,,
Baseline,race,jpeg,2,4,0.0156,,0.2164,0.2786,0.6948,0.1242,0.1217,0.0650,0.6077,,,,,,,,,,,
Baseline,race,jpeg,3,4,0.0214,,0.1791,0.1429,0.6039,0.0458,0.1304,0.0081,0.6906,,,,,,,,,,,
Baseline,race,shot,1,4,0.0037,,0.6045,0.1714,0.1429,0.3529,0.3391,0.0732,0.3260,,,,,,,,,,,
Baseline,race,shot,2,4,0.0133,,0.4104,0.1000,0.2013,0.2810,0.4261,0.2195,0.2707,,,,,,,,,,,
Baseline,race,shot,3,4,0.0339,,0.2313,0.0643,0.1039,0.0980,0.3739,0.4228,0.2320,,,,,,,,,,,
Baseline,gender,clean,0,0,0.1426,0.2328,,,,,,,,0.6972,0.7891,,,,,,,,,
Baseline,gender,cutout,1,0,0.2116,0.3102,,,,,,,,0.7868,0.6817,,,,,,,,,
Baseline,gender,cutout,2,0,0.1290,0.3270,,,,,,,,0.7591,0.7194,,,,,,,,,
Baseline,gender,cutout,3,0,0.1761,0.2451,,,,,,,,0.7612,0.7194,,,,,,,,,
Baseline,gender,defocus,1,0,0.1545,0.2914,,,,,,,,0.6226,0.7533,,,,,,,,,
Baseline,gender,defocus,2,0,0.1608,0.1354,,,,,,,,0.4691,0.7872,,,,,,,,,
Baseline,gender,defocus,3,0,0.1417,0.1429,,,,,,,,0.3881,0.7853,,,,,,,,,
Baseline,gender,gaussian,1,0,0.1066,0.1975,,,,,,,,0.5757,0.7081,,,,,,,,,
Baseline,gender,gaussian,2,0,0.1424,0.1798,,,,,,,,0.4925,0.7495,,,,,,,,,
Baseline,gender,gaussian,3,0,0.1793,0.1628,,,,,,,,0.2921,0.8701,,,,,,,,,
Baseline,gender,glass,1,0,0.1165,0.2827,,,,,,,,0.7292,0.7665,,,,,,,,,
Baseline,gender,glass,2,0,0.0725,0.2869,,,,,,,,0.6802,0.6855,,,,,,,,,
Baseline,gender,glass,3,0,0.1900,0.2612,,,,,,,,0.5800,0.7420,,,,,,,,,
Baseline,gender,impulse,1,0,0.1690,0.1379,,,,,,,,0.8699,0.3013,,,,,,,,,
Baseline,gender,impulse,2,0,0.0631,0.1273,,,,,,,,0.7100,0.4670,,,,,,,,,
Baseline,gender,impulse,3,0,0.1307,0.1806,,,,,,,,0.4883,0.6648,,,,,,,,,
Baseline,gender,jpeg,1,0,0.1339,0.2241,,,,,,,,0.6951,0.7872,,,,,,,,,
Baseline,gender,jpeg,2,0,0.1403,0.1908,,,,,,,,0.5075,0.8889,,,,,,,,,
Baseline,gender,jpeg,3,0,0.1618,0.2032,,,,,,,,0.5394,0.8041,,,,,,,,,
Baseline,gender,shot,1,0,0.1098,0.2625,,,,,,,,0.6333,0.6780,,,,,,,,,
Baseline,gender,shot,2,0,0.1432,0.1736,,,,,,,,0.5501,0.7006,,,,,,,,,
Baseline,gender,shot,3,0,0.1736,0.1866,,,,,,,,0.3518,0.8399,,,,,,,,,
Baseline,gender,clean,0,1,0.1432,0.3007,,,,,,,,0.7058,0.8004,,,,,,,,,
Baseline,gender,cutout,1,1,0.1743,0.3188,,,,,,,,0.7783,0.7062,,,,,,,,,
Baseline,gender,cutout,2,1,0.1047,0.3101,,,,,,,,0.7825,0.7213,,,,,,,,,
Baseline,gender,cutout,3,1,0.1348,0.2614,,,,,,,,0.7761,0.7250,,,,,,,,,
Baseline,gender,defocus,1,1,0.1060,0.2258,,,,,,,,0.6162,0.7872,,,,,,,,,
Baseline,gender,defocus,2,1,0.1090,0.1405,,,,,,,,0.5544,0.7043,,,,,,,,,
Baseline,gender,defocus,3,1,0.1588,0.1281,,,,,,,,0.4840,0.7062,,,,,,,,,
Baseline,gender,gaussian,1,1,0.0812,0.1926,,,,,,,,0.6013,0.7062,,,,,,,,,
Baseline,gender,gaussian,2,1,0.1116,0.3026,,,,,,,,0.5053,0.7608,,,,,,,,,
Baseline,gender,gaussian,3,1,0.1315,0.1579,,,,,,,,0.3390,0.8060,,,,,,,,,
Baseline,gender,glass,1,1,0.1556,0.2984,,,,,,,,0.6994,0.7665,,,,,,,,,
Baseline,gender,glass,2,1,0.0980,0.3432,,,,,,,,0.7292,0.6535,,,,,,,,,
Baseline,gender,glass,3,1,0.1224,0.2194,,,,,,,,0.5565,0.7759,,,,,,,,,
Baseline,gender,impulse,1,1,0.2343,0.1351,,,,,,,,0.9168,0.2298,,,,,,,,,
Baseline,gender,impulse,2,1,0.1255,0.1986,,,,,,,,0.7740,0.3729,,,,,,,,,
Baseline,gender,impulse,3,1,0.1231,0.1567,,,,,,,,0.5650,0.5725,,,,,,,,,
Baseline,gender,jpeg,1,1,0.1432,0.3007,,,,,,,,0.7058,0.8023,,,,,,,,,
Baseline,gender,jpeg,2,1,0.1398,0.1426,,,,,,,,0.4840,0.9021,,,,,,,,,
Baseline,gender,jpeg,3,1,0.1413,0.1086,,,,,,,,0.4392,0.8795,,,,,,,,,
Baseline,gender,shot,1,1,0.0655,0.2020,,,,,,,,0.6930,0.6234,,,,,,,,,
Baseline,gender,shot,2,1,0.0684,0.2362,,,,,,,,0.6482,0.6422,,,,,,,,,
Baseline,gender,shot,3,1,0.1176,0.1810,,,,,,,,0.4499,0.7627,,,,,,,,,
Baseline,gender,clean,0,2,0.1855,0.3094,,,,,,,,0.7015,0.8060,,,,,,,,,
Baseline,gender,cutout,1,2,0.1864,0.3455,,,,,,,,0.7676,0.7439,,,,,,,,,
Baseline,gender,cutout,2,2,0.1108,0.3031,,,,,,,,0.7591,0.7476,,,,,,,,,
Baseline,gender,cutout,3,2,0.1724,0.2636,,,,,,,,0.7719,0.7533,,,,,,,,,
Baseline,gender,defocus,1,2,0.1284,0.2235,,,,,,,,0.6119,0.7665,,,,,,,,,
Baseline,gender,defocus,2,2,0.1112,0.1696,,,,,,,,0.5629,0.7043,,,,,,,,,
Baseline,gender,defocus,3,2,0.1922,0.1161,,,,,,,,0.5565,0.6685,,,,,,,,,
Baseline,gender,gaussian,1,2,0.0955,0.1627,,,,,,,,0.6823,0.5989,,,,,,,,,
Baseline,gender,gaussian,2,2,0.1972,0.1688,,,,,,,,0.6567,0.5706,,,,,,,,,
Baseline,gender,gaussian,3,2,0.1792,0.1401,,,,,,,,0.4243,0.7778,,,,,,,,,
Baseline,gender,glass,1,2,0.1836,0.2723,,,,,,,,0.7313,0.7458,,,,,,,,,
Baseline,gender,glass,2,2,0.0616,0.3595,,,,,,,,0.7697,0.6403,,,,,,,,,
Baseline,gender,glass,3,2,0.1418,0.1840,,,,,,,,0.5800,0.7250,,,,,,,,,
Baseline,gender,impulse,1,2,0.1760,0.1062,,,,,,,,0.8060,0.4256,,,,,,,,,
Baseline,gender,impulse,2,2,0.0852,0.1834,,,,,,,,0.6738,0.5179,,,,,,,,,
Baseline,gender,impulse,3,2,0.0944,0.1287,,,,,,,,0.4925,0.6648,,,,,,,,,
Baseline,gender,jpeg,1,2,0.1855,0.3094,,,,,,,,0.7015,0.8079,,,,,,,,,
Baseline,gender,jpeg,2,2,0.2146,0.1168,,,,,,,,0.5032,0.8927,,,,,,,,,
Baseline,gender,jpeg,3,2,0.1547,0.0808,,,,,,,,0.5330,0.7608,,,,,,,,,
Baseline,gender,shot,1,2,0.1103,0.1388,,,,,,,,0.7633,0.5574,,,,,,,,,
Baseline,gender,shot,2,2,0.1434,0.1856,,,,,,,,0.7505,0.4972,,,,,,,,,
Baseline,gender,shot,3,2,0.1220,0.2063,,,,,,,,0.5629,0.6761,,,,,,,,,
Baseline,gender,clean,0,3,0.1466,0.2677,,,,,,,,0.7249,0.8173,,,,,,,,,
Baseline,gender,cutout,1,3,0.1463,0.2782,,,,,,,,0.7569,0.7514,,,,,,,,,
Baseline,gender,cutout,2,3,0.1336,0.2863,,,,,,,,0.7356,0.7608,,,,,,,,,
Baseline,gender,cutout,3,3,0.1341,0.2625,,,,,,,,0.7612,0.7514,,,,,,,,,
Baseline,gender,defocus,1,3,0.1411,0.2311,,,,,,,,0.6525,0.7665,,,,,,,,,
Baseline,gender,defocus,2,3,0.1218,0.1487,,,,,,,,0.5906,0.7269,,,,,,,,,
Baseline,gender,defocus,3,3,0.1437,0.1502,,,,,,,,0.5245,0.6987,,,,,,,,,
Baseline,gender,gaussian,1,3,0.0731,0.1744,,,,,,,,0.5480,0.7514,,,,,,,,,
Baseline,gender,gaussian,2,3,0.1271,0.2117,,,,,,,,0.5267,0.7382,,,,,,,,,
Baseline,gender,gaussian,3,3,0.1696,0.1154,,,,,,,,0.3582,0.8324,,,,,,,,,
Baseline,gender,glass,1,3,0.1323,0.2502,,,,,,,,0.7122,0.7740,,,,,,,,,
Baseline,gender,glass,2,3,0.0817,0.3379,,,,,,,,0.7036,0.7024,,,,,,,,,
Baseline,gender,glass,3,3,0.1583,0.1585,,,,,,,,0.5736,0.7514,,,,,,,,,
Baseline,gender,impulse,1,3,0.1879,0.1684,,,,,,,,0.8891,0.3107,,,,,,,,,
Baseline,gender,impulse,2,3,0.0947,0.1436,,,,,,,,0.7356,0.4463,,,,,,,,,
Baseline,gender,impulse,3,3,0.0868,0.1163,,,,,,,,0.5501,0.6177,,,,,,,,,
Baseline,gender,jpeg,1,3,0.1466,0.2677,,,,,,,,0.7249,0.8173,,,,,,,,,
Baseline,gender,jpeg,2,3,0.1408,0.1420,,,,,,,,0.4904,0.8964,,,,,,,,,
Baseline,gender,jpeg,3,3,0.1456,0.1732,,,,,,,,0.5458,0.8117,,,,,,,,,
Baseline,gender,shot,1,3,0.0676,0.1946,,,,,,,,0.6567,0.6723,,,,,,,,,
Baseline,gender,shot,2,3,0.1549,0.2236,,,,,,,,0.6439,0.6629,,,,,,,,,
Baseline,gender,shot,3,3,0.1838,0.1876,,,,,,,,0.4115,0.7834,,,,,,,,,
Baseline,gender,clean,0,4,0.1084,0.2780,,,,,,,,0.6972,0.8117,,,,,,,,,
Baseline,gender,cutout,1,4,0.2134,0.2880,,,,,,,,0.7441,0.7495,,,,,,,,,
Baseline,gender,cutout,2,4,0.1615,0.2723,,,,,,,,0.7356,0.7815,,,,,,,,,
Baseline,gender,cutout,3,4,0.2032,0.2137,,,,,,,,0.7292,0.7646,,,,,,,,,
Baseline,gender,defocus,1,4,0.1673,0.2474,,,,,,,,0.6397,0.7571,,,,,,,,,
Baseline,gender,defocus,2,4,0.0713,0.2238,,,,,,,,0.7058,0.5895,,,,,,,,,
Baseline,gender,defocus,3,4,0.0889,0.1721,,,,,,,,0.6994,0.5160,,,,,,,,,
Baseline,gender,gaussian,1,4,0.0711,0.1890,,,,,,,,0.6695,0.6064,,,,,,,,,
Baseline,gender,gaussian,2,4,0.2450,0.1843,,,,,,,,0.7313,0.4821,,,,,,,,,
Baseline,gender,gaussian,3,4,0.1949,0.1817,,,,,,,,0.6034,0.5951,,,,,,,,,
Baseline,gender,glass,1,4,0.1372,0.3007,,,,,,,,0.7058,0.7684,,,,,,,,,
Baseline,gender,glass,2,4,0.1446,0.3217,,,,,,,,0.7100,0.7043,,,,,,,,,
Baseline,gender,glass,3,4,0.1260,0.2536,,,,,,,,0.5480,0.7420,,,,,,,,,
Baseline,gender,impulse,1,4,0.2061,0.1636,,,,,,,,0.8913,0.2863,,,,,,,,,
Baseline,gender,impulse,2,4,0.0949,0.1411,,,,,,,,0.7889,0.3936,,,,,,,,,
Baseline,gender,impulse,3,4,0.0682,0.1516,,,,,,,,0.6034,0.5895,,,,,,,,,
Baseline,gender,jpeg,1,4,0.1084,0.2780,,,,,,,,0.6972,0.8117,,,,,,,,,
Baseline,gender,jpeg,2,4,0.1570,0.1481,,,,,,,,0.5075,0.9115,,,,,,,,,
Baseline,gender,jpeg,3,4,0.1417,0.1117,,,,,,,,0.5032,0.8154,,,,,,,,,
Baseline,gender,shot,1,4,0.0841,0.2161,,,,,,,,0.7569,0.5160,,,,,,,,,
Baseline,gender,shot,2,4,0.1406,0.1538,,,,,,,,0.8102,0.3879,,,,,,,,,
Baseline,gender,shot,3,4,0.1275,0.2313,,,,,,,,0.6652,0.5179,,,,,,,,,
Baseline,age,clean,0,0,0.1519,,,,,,,,,,,0.2941,0.1304,0.5054,0.4815,0.3217,0.2167,0.2344,0.2549,0.2500
Baseline,age,cutout,1,0,0.1043,,,,,,,,,,,0.4118,0.1848,0.3871,0.4519,0.3435,0.2750,0.1875,0.3333,0.1667
Baseline,age,cutout,2,0,0.1386,,,,,,,,,,,0.2941,0.2717,0.4086,0.4296,0.2652,0.2833,0.1562,0.2941,0.0833
Baseline,age,cutout,3,0,0.0681,,,,,,,,,,,0.3529,0.2391,0.3477,0.4000,0.2913,0.3583,0.1406,0.2549,0.1667
Baseline,age,defocus,1,0,0.0744,,,,,,,,,,,0.1765,0.0652,0.5448,0.3259,0.1652,0.2083,0.0625,0.1961,0.0000
Baseline,age,defocus,2,0,0.0823,,,,,,,,,,,0.1176,0.0870,0.3978,0.3704,0.1957,0.1083,0.0625,0.2941,0.0000
Baseline,age,defocus,3,0,0.0844,,,,,,,,,,,0.0588,0.0543,0.2867,0.3333,0.2565,0.1000,0.0938,0.4902,0.0000
Baseline,age,gaussian,1,0,0.0910,,,,,,,,,,,0.3529,0.0326,0.4731,0.5259,0.1087,0.0667,0.1562,0.3529,0.0000
Baseline,age,gaussian,2,0,0.0946,,,,,,,,,,,0.1176,0.0978,0.3620,0.3407,0.0652,0.0667,0.2656,0.3922,0.0000
Baseline,age,gaussian,3,0,0.1286,,,,,,,,,,,0.0000,0.0543,0.4624,0.3704,0.0783,0.0833,0.0000,0.1765,0.0000
Baseline,age,glass,1,0,0.1279,,,,,,,,,,,0.4118,0.1304,0.5054,0.3407,0.3087,0.2333,0.2344,0.2353,0.1667
Baseline,age,glass,2,0,0.1513,,,,,,,,,,,0.2353,0.1848,0.4122,0.3111,0.2522,0.1583,0.2188,0.1765,0.0833
Baseline,age,glass,3,0,0.1587,,,,,,,,,,,0.2353,0.0652,0.4516,0.4222,0.1783,0.1583,0.0781,0.0392,0.0000
Baseline,age,impulse,1,0,0.0895,,,,,,,,,,,0.0588,0.4239,0.2151,0.2667,0.1217,0.0083,0.0938,0.1373,0.0000
Baseline,age,impulse,2,0,0.0918,,,,,,,,,,,0.0588,0.2935,0.1900,0.3407,0.1130,0.0000,0.0938,0.1765,0.0000
Baseline,age,impulse,3,0,0.0840,,,,,,,,,,,0.0588,0.0652,0.1756,0.4444,0.1391,0.0083,0.0469,0.1373,0.0000
Baseline,age,jpeg,1,0,0.1519,,,,,,,,,,,0.2941,0.1304,0.5054,0.4741,0.3217,0.2167,0.2344,0.2549,0.2500
Baseline,age,jpeg,2,0,0.0457,,,,,,,,,,,0.4118,0.1957,0.1541,0.4000,0.2696,0.3083,0.0781,0.4314,0.0000
Baseline,age,jpeg,3,0,0.0806,,,,,,,,,,,0.1765,0.2500,0.1039,0.1704,0.0696,0.3500,0.0156,0.5490,0.0000
Baseline,age,shot,1,0,0.0990,,,,,,,,,,,0.2353,0.0217,0.4839,0.5185,0.1087,0.0583,0.1562,0.3725,0.0000
Baseline,age,shot,2,0,0.0832,,,,,,,,,,,0.0588,0.1413,0.4373,0.4296,0.0130,0.0917,0.0781,0.4314,0.0000
Baseline,age,shot,3,0,0.1031,,,,,,,,,,,0.0588,0.0326,0.4982,0.4370,0.0565,0.0333,0.0000,0.2941,0.0000
Baseline,age,clean,0,1,0.1005,,,,,,,,,,,0.2941,0.1522,0.5269,0.4667,0.3522,0.2167,0.2188,0.2353,0.2500
Baseline,age,cutout,1,1,0.1112,,,,,,,,,,,0.4706,0.1957,0.4301,0.5037,0.2957,0.2083,0.1094,0.3529,0.2500
Baseline,age,cutout,2,1,0.1283,,,,,,,,,,,0.3529,0.2609,0.4158,0.4741,0.2261,0.2333,0.1406,0.2549,0.0833
Baseline,age,cutout,3,1,0.0907,,,,,,,,,,,0.3529,0.2500,0.3692,0.4444,0.2522,0.2667,0.2031,0.1961,0.1667
Baseline,age,defocus,1,1,0.0719,,,,,,,,,,,0.1765,0.0978,0.6201,0.3926,0.1957,0.1583,0.0625,0.2353,0.0000
Baseline,age,defocus,2,1,0.0790,,,,,,,,,,,0.0588,0.0543,0.5412,0.3481,0.1739,0.0333,0.0469,0.3529,0.0000
Baseline,age,defocus,3,1,0.0994,,,,,,,,,,,0.0588,0.0217,0.5771,0.2963,0.1783,0.0083,0.0312,0.2941,0.0000
Baseline,age,gaussian,1,1,0.0975,,,,,,,,,,,0.2353,0.0000,0.7527,0.2593,0.0522,0.0333,0.1250,0.3137,0.1667
Baseline,age,gaussian,2,1,0.0787,,,,,,,,,,,0.0588,0.0435,0.7025,0.1556,0.0348,0.0750,0.1250,0.3333,0.0000
Baseline,age,gaussian,3,1,0.0503,,,,,,,,,,,0.0000,0.0109,0.6918,0.1556,0.0652,0.1083,0.0469,0.1961,0.0000
Baseline,age,glass,1,1,0.1599,,,,,,,,,,,0.3529,0.1630,0.4875,0.4222,0.3043,0.1833,0.2500,0.2157,0.0000
Baseline,age,glass,2,1,0.1907,,,,,,,,,,,0.2353,0.1957,0.4516,0.4000,0.2304,0.2000,0.1406,0.1961,0.0833
Baseline,age,glass,3,1,0.1255,,,,,,,,,,,0.0588,0.0978,0.4265,0.4519,0.2435,0.1583,0.0938,0.1569,0.0000
Baseline,age,impulse,1,1,0.0720,,,,,,,,,,,0.0588,0.4674,0.2688,0.1778,0.2000,0.0000,0.0312,0.0980,0.0000
Baseline,age,impulse,2,1,0.0736,,,,,,,,,,,0.0588,0.3261,0.2688,0.1407,0.2043,0.0167,0.0312,0.1176,0.0000
Baseline,age,impulse,3,1,0.0804,,,,,,,,,,,0.0000,0.1413,0.2509,0.2519,0.2826,0.0333,0.0469,0.0980,0.0000
Baseline,age,jpeg,1,1,0.1083,,,,,,,,,,,0.2941,0.1522,0.5305,0.4667,0.3522,0.2083,0.2188,0.2353,0.2500
Baseline,age,jpeg,2,1,0.1172,,,,,,,,,,,0.4706,0.2283,0.2437,0.3704,0.2130,0.3167,0.1250,0.2941,0.0000
Baseline,age,jpeg,3,1,0.1413,,,,,,,,,,,0.2353,0.3152,0.2581,0.1111,0.0652,0.3000,0.0156,0.4706,0.0000
Baseline,age,shot,1,1,0.0680,,,,,,,,,,,0.2353,0.0000,0.7491,0.3556,0.0870,0.0333,0.1094,0.3333,0.0833
Baseline,age,shot,2,1,0.0703,,,,,,,,,,,0.0588,0.0217,0.7527,0.2815,0.0217,0.0583,0.0625,0.3333,0.0000
Baseline,age,shot,3,1,0.0823,,,,,,,,,,,0.0588,0.0217,0.7133,0.1630,0.0783,0.1000,0.0000,0.2157,0.0000
Baseline,age,clean,0,2,0.1220,,,,,,,,,,,0.2941,0.1304,0.5341,0.5259,0.3435,0.2083,0.2188,0.2745,0.1667
Baseline,age,cutout,1,2,0.0845,,,,,,,,,,,0.4118,0.1196,0.4588,0.4667,0.3304,0.1583,0.1406,0.3922,0.1667
Baseline,age,cutout,2,2,0.1677,,,,,,,,,,,0.2353,0.1739,0.4910,0.4741,0.2870,0.2083,0.1562,0.3137,0.1667
Baseline,age,cutout,3,2,0.0595,,,,,,,,,,,0.3529,0.1630,0.4552,0.4370,0.3043,0.2083,0.1406,0.2941,0.1667
Baseline,age,defocus,1,2,0.0543,,,,,,,,,,,0.0588,0.1087,0.6129,0.3926,0.1957,0.1667,0.0781,0.1765,0.0833
Baseline,age,defocus,2,2,0.0629,,,,,,,,,,,0.0588,0.0543,0.5090,0.2074,0.1783,0.0083,0.0156,0.3725,0.0000
Baseline,age,defocus,3,2,0.1209,,,,,,,,,,,0.0000,0.0217,0.4982,0.1630,0.1565,0.0000,0.0156,0.4706,0.0000
Baseline,age,gaussian,1,2,0.1029,,,,,,,,,,,0.3529,0.0217,0.5842,0.3407,0.1130,0.0250,0.1562,0.5098,0.0000
Baseline,age,gaussian,2,2,0.0777,,,,,,,,,,,0.1176,0.0217,0.5627,0.2519,0.0391,0.0833,0.1719,0.5098,0.0000
Baseline,age,gaussian,3,2,0.0801,,,,,,,,,,,0.0000,0.0435,0.6093,0.2222,0.0217,0.0250,0.0156,0.3725,0.0000
Baseline,age,glass,1,2,0.1534,,,,,,,,,,,0.4118,0.1304,0.4910,0.4593,0.2739,0.1917,0.2656,0.1765,0.0833
Baseline,age,glass,2,2,0.1403,,,,,,,,,,,0.2353,0.1196,0.4659,0.4667,0.2217,0.2167,0.1406,0.1176,0.0000
Baseline,age,glass,3,2,0.0739,,,,,,,,,,,0.0588,0.0870,0.4516,0.4296,0.2565,0.1333,0.0469,0.0588,0.0000
Baseline,age,impulse,1,2,0.0949,,,,,,,,,,,0.1176,0.2391,0.4731,0.3852,0.0217,0.0167,0.0312,0.2549,0.0000
Baseline,age,impulse,2,2,0.0517,,,,,,,,,,,0.0000,0.0978,0.3907,0.3185,0.0087,0.0250,0.0000,0.2745,0.0000
Baseline,age,impulse,3,2,0.0809,,,,,,,,,,,0.0000,0.0326,0.3441,0.4593,0.0435,0.0083,0.0000,0.3333,0.0000
Baseline,age,jpeg,1,2,0.1220,,,,,,,,,,,0.2941,0.1304,0.5341,0.5259,0.3435,0.2083,0.2188,0.2745,0.1667
Baseline,age,jpeg,2,2,0.1416,,,,,,,,,,,0.3529,0.1196,0.3011,0.4519,0.1174,0.3333,0.1094,0.3137,0.0000
Baseline,age,jpeg,3,2,0.0727,,,,,,,,,,,0.0588,0.2391,0.2616,0.1926,0.0087,0.4000,0.0000,0.3137,0.0000
Baseline,age,shot,1,2,0.1128,,,,,,,,,,,0.2941,0.0217,0.6057,0.3778,0.1261,0.0250,0.1875,0.4314,0.0000
Baseline,age,shot,2,2,0.0929,,,,,,,,,,,0.1176,0.0435,0.5591,0.3185,0.0000,0.0250,0.0469,0.5490,0.0000
Baseline,age,shot,3,2,0.0662,,,,,,,,,,,0.0588,0.0109,0.5591,0.3778,0.0304,0.0250,0.0156,0.4118,0.0000
Baseline,age,clean,0,3,0.1182,,,,,,,,,,,0.3529,0.1087,0.5412,0.5259,0.3261,0.2667,0.2969,0.1765,0.2500
Baseline,age,cutout,1,3,0.1201,,,,,,,,,,,0.4706,0.2283,0.3297,0.4889,0.3826,0.2333,0.1562,0.2549,0.2500
Baseline,age,cutout,2,3,0.0974,,,,,,,,,,,0.2941,0.2717,0.3763,0.4593,0.2913,0.2417,0.2031,0.2157,0.1667
Baseline,age,cutout,3,3,0.1545,,,,,,,,,,,0.2941,0.2609,0.3620,0.4519,0.3087,0.2917,0.2031,0.1176,0.2500
Baseline,age,defocus,1,3,0.1075,,,,,,,,,,,0.1176,0.1087,0.5950,0.4148,0.2130,0.2167,0.0781,0.2157,0.0000
Baseline,age,defocus,2,3,0.1264,,,,,,,,,,,0.0588,0.0870,0.3082,0.4889,0.2217,0.2167,0.0312,0.1765,0.0000
Baseline,age,defocus,3,3,0.0890,,,,,,,,,,,0.0000,0.0652,0.2616,0.3926,0.1739,0.3167,0.0312,0.1569,0.0000
Baseline,age,gaussian,1,3,0.0833,,,,,,,,,,,0.4118,0.0652,0.4910,0.3704,0.1000,0.0583,0.2656,0.1176,0.0000
Baseline,age,gaussian,2,3,0.0667,,,,,,,,,,,0.1765,0.0652,0.4444,0.2889,0.0522,0.2083,0.2344,0.1765,0.0000
Baseline,age,gaussian,3,3,0.0730,,,,,,,,,,,0.1176,0.0217,0.5950,0.2148,0.0957,0.0667,0.0000,0.0784,0.0000
Baseline,age,glass,1,3,0.1071,,,,,,,,,,,0.3529,0.1413,0.4875,0.4444,0.3043,0.2167,0.3438,0.1373,0.0833
Baseline,age,glass,2,3,0.1929,,,,,,,,,,,0.2353,0.1630,0.4409,0.3926,0.2478,0.2000,0.2500,0.1176,0.0000
Baseline,age,glass,3,3,0.1525,,,,,,,,,,,0.0588,0.0978,0.4624,0.4370,0.2435,0.2167,0.0781,0.0784,0.0000
Baseline,age,impulse,1,3,0.0922,,,,,,,,,,,0.0588,0.2283,0.2509,0.2222,0.3913,0.0000,0.0469,0.0392,0.0000
Baseline,age,impulse,2,3,0.0689,,,,,,,,,,,0.2353,0.1739,0.2151,0.1259,0.4130,0.0000,0.0312,0.1176,0.0833
Baseline,age,impulse,3,3,0.1005,,,,,,,,,,,0.2353,0.0652,0.2007,0.1333,0.4652,0.0167,0.0469,0.1373,0.0000
Baseline,age,jpeg,1,3,0.1182,,,,,,,,,,,0.3529,0.1087,0.5412,0.5259,0.3217,0.2667,0.2969,0.1765,0.2500
Baseline,age,jpeg,2,3,0.1202,,,,,,,,,,,0.2941,0.1304,0.1792,0.5333,0.0913,0.5083,0.0781,0.2941,0.0000
Baseline,age,jpeg,3,3,0.1231,,,,,,,,,,,0.0588,0.1848,0.0645,0.3630,0.0174,0.6833,0.0000,0.2941,0.0000
Baseline,age,shot,1,3,0.0910,,,,,,,,,,,0.4118,0.0761,0.4731,0.4148,0.1304,0.0667,0.2188,0.1569,0.0000
Baseline,age,shot,2,3,0.0825,,,,,,,,,,,0.1176,0.1196,0.5448,0.3333,0.0391,0.0750,0.0469,0.1765,0.0000
Baseline,age,shot,3,3,0.0683,,,,,,,,,,,0.2353,0.0326,0.6559,0.2519,0.0696,0.0583,0.0000,0.0980,0.0000
Baseline,age,clean,0,4,0.1227,,,,,,,,,,,0.2941,0.1957,0.5125,0.4889,0.3304,0.2500,0.2031,0.2157,0.1667
Baseline,age,cutout,1,4,0.1461,,,,,,,,,,,0.4118,0.1739,0.3513,0.5185,0.3435,0.1750,0.0938,0.4902,0.2500
Baseline,age,cutout,2,4,0.1242,,,,,,,,,,,0.2941,0.2174,0.3620,0.4370,0.3000,0.2750,0.1250,0.4314,0.0833
Baseline,age,cutout,3,4,0.1208,,,,,,,,,,,0.3529,0.2065,0.3333,0.4222,0.3348,0.2583,0.1094,0.3922,0.1667
Baseline,age,defocus,1,4,0.1123,,,,,,,,,,,0.1176,0.1196,0.5125,0.4296,0.2000,0.1500,0.0469,0.1569,0.0833
Baseline,age,defocus,2,4,0.1013,,,,,,,,,,,0.0000,0.1413,0.4409,0.3185,0.1957,0.1750,0.0469,0.2941,0.0000
Baseline,age,defocus,3,4,0.1058,,,,,,,,,,,0.0000,0.0761,0.4910,0.2963,0.1609,0.0667,0.0469,0.2941,0.0000
Baseline,age,gaussian,1,4,0.1113,,,,,,,,,,,0.3529,0.0000,0.6165,0.2741,0.0783,0.0250,0.3438,0.3333,0.0000
Baseline,age,gaussian,2,4,0.1103,,,,,,,,,,,0.1176,0.0109,0.5090,0.1704,0.0261,0.0417,0.4375,0.3333,0.0000
Baseline,age,gaussian,3,4,0.0619,,,,,,,,,,,0.0588,0.0109,0.5520,0.2296,0.0217,0.0417,0.1406,0.3529,0.0000
Baseline,age,glass,1,4,0.1291,,,,,,,,,,,0.3529,0.1087,0.4910,0.4148,0.2870,0.2167,0.2188,0.1569,0.0000
Baseline,age,glass,2,4,0.1537,,,,,,,,,,,0.1765,0.1196,0.4803,0.4222,0.2304,0.2000,0.1719,0.2353,0.0000
Baseline,age,glass,3,4,0.0948,,,,,,,,,,,0.0588,0.1087,0.4444,0.4593,0.2087,0.1000,0.0781,0.0588,0.0000
Baseline,age,impulse,1,4,0.2377,,,,,,,,,,,0.0588,0.4457,0.2401,0.3778,0.0391,0.0083,0.1094,0.0784,0.0000
Baseline,age,impulse,2,4,0.1416,,,,,,,,,,,0.0588,0.2500,0.2007,0.3481,0.0261,0.0083,0.1875,0.1961,0.0000
Baseline,age,impulse,3,4,0.0798,,,,,,,,,,,0.0588,0.0978,0.1792,0.3704,0.0609,0.0250,0.1562,0.1765,0.0000
Baseline,age,jpeg,1,4,0.1227,,,,,,,,,,,0.2941,0.1957,0.5125,0.4889,0.3304,0.2500,0.2031,0.2157,0.1667
Baseline,age,jpeg,2,4,0.0718,,,,,,,,,,,0.2941,0.1739,0.1864,0.4741,0.3261,0.1833,0.1094,0.4314,0.0000
Baseline,age,jpeg,3,4,0.1074,,,,,,,,,,,0.2353,0.2935,0.1792,0.3037,0.1087,0.3417,0.0312,0.4118,0.0000
Baseline,age,shot,1,4,0.1148,,,,,,,,,,,0.2941,0.0217,0.5986,0.3556,0.0826,0.0333,0.2656,0.2941,0.0000
Baseline,age,shot,2,4,0.0696,,,,,,,,,,,0.1176,0.0217,0.5735,0.3481,0.0391,0.0333,0.1094,0.5098,0.0000
Baseline,age,shot,3,4,0.0901,,,,,,,,,,,0.1176,0.0217,0.4803,0.4296,0.0304,0.0333,0.0625,0.3725,0.0000
Ours,race,clean,0,0,0.0465,,0.5970,0.3929,0.3961,0.3072,0.2348,0.2846,0.5580,,,,,,,,,,,
Ours,race,cutout,1,0,0.0475,,0.7164,0.5000,0.4481,0.3399,0.2087,0.1789,0.6243,,,,,,,,,,,
Ours,race,cutout,2,0,0.0425,,0.6791,0.4500,0.5195,0.2941,0.2000,0.1382,0.6575,,,,,,,,,,,
Ours,race,cutout,3,0,0.0740,,0.6418,0.4643,0.4740,0.2418,0.1478,0.1707,0.6519,,,,,,,,,,,
Ours,race,defocus,1,0,0.0269,,0.5224,0.3071,0.3442,0.2941,0.2174,0.2276,0.5359,,,,,,,,,,,
Ours,race,defocus,2,0,0.0448,,0.5373,0.2571,0.2727,0.3791,0.2957,0.0813,0.4199,,,,,,,,,,,
Ours,race,defocus,3,0,0.0224,,0.3955,0.2071,0.3182,0.2876,0.3130,0.0976,0.3867,,,,,,,,,,,
Ours,race,gaussian,1,0,0.0026,,0.4701,0.3286,0.4286,0.2484,0.1739,0.0976,0.4917,,,,,,,,,,,
Ours,race,gaussian,2,0,0.0055,,0.4851,0.3286,0.4091,0.3137,0.1304,0.0894,0.4365,,,,,,,,,,,
Ours,race,gaussian,3,0,0.0175,,0.5672,0.2929,0.4416,0.1569,0.1391,0.0163,0.3757,,,,,,,,,,,
Ours,race,glass,1,0,0.0467,,0.5746,0.3143,0.4026,0.3268,0.2087,0.3008,0.5359,,,,,,,,,,,
Ours,race,glass,2,0,0.0638,,0.4851,0.3571,0.3636,0.3464,0.2174,0.1545,0.5470,,,,,,,,,,,
Ours,race,glass,3,0,0.0465,,0.5000,0.3000,0.2403,0.2745,0.1478,0.2520,0.4917,,,,,,,,,,,
Ours,race,impulse,1,0,0.0009,,0.5522,0.2429,0.3636,0.2614,0.2174,0.0569,0.6188,,,,,,,,,,,
Ours,race,impulse,2,0,0.0269,,0.4851,0.2357,0.3571,0.1569,0.1565,0.1057,0.6685,,,,,,,,,,,
Ours,race,impulse,3,0,0.0150,,0.5746,0.1786,0.3377,0.1046,0.1217,0.0650,0.6740,,,,,,,,,,,
Ours,race,jpeg,1,0,0.0444,,0.5970,0.3929,0.3961,0.3072,0.2348,0.2846,0.5525,,,,,,,,,,,
Ours,race,jpeg,2,0,0.0017,,0.4851,0.3500,0.3247,0.4183,0.1565,0.1301,0.5249,,,,,,,,,,,
Ours,race,jpeg,3,0,0.0007,,0.5224,0.2929,0.2662,0.3203,0.1565,0.1057,0.3812,,,,,,,,,,,
Ours,race,shot,1,0,0.0266,,0.4851,0.4000,0.4416,0.3137,0.1739,0.1138,0.4862,,,,,,,,,,,
Ours,race,shot,2,0,0.0085,,0.5075,0.3286,0.4740,0.3137,0.1391,0.0407,0.4365,,,,,,,,,,,
Ours,race,shot,3,0,0.0166,,0.4776,0.3500,0.4675,0.2092,0.1304,0.0244,0.4199,,,,,,,,,,,
Ours,race,clean,0,1,0.0425,,0.6045,0.4143,0.3571,0.3137,0.2348,0.2683,0.5746,,,,,,,,,,,
Ours,race,cutout,1,1,0.0540,,0.6940,0.5000,0.4545,0.2680,0.2957,0.2033,0.5580,,,,,,,,,,,
Ours,race,cutout,2,1,0.0289,,0.6343,0.4714,0.4935,0.2876,0.2261,0.1789,0.5912,,,,,,,,,,,
Ours,race,cutout,3,1,0.0753,,0.6642,0.4857,0.5000,0.2484,0.2435,0.2358,0.6354,,,,,,,,,,,
Ours,race,defocus,1,1,0.0176,,0.5000,0.2857,0.2922,0.3007,0.2609,0.2358,0.5193,,,,,,,,,,,
Ours,race,defocus,2,1,0.0235,,0.5224,0.3000,0.2727,0.3203,0.2957,0.1220,0.3646,,,,,,,,,,,
Ours,race,defocus,3,1,0.0210,,0.4701,0.2571,0.2922,0.2549,0.3739,0.1301,0.3149,,,,,,,,,,,
Ours,race,gaussian,1,1,0.0024,,0.5597,0.4000,0.4545,0.2549,0.2261,0.1301,0.5083,,,,,,,,,,,
Ours,race,gaussian,2,1,0.0109,,0.5448,0.3500,0.4026,0.3072,0.2261,0.0732,0.4420,,,,,,,,,,,
Ours,race,gaussian,3,1,0.0270,,0.5522,0.2643,0.4026,0.1307,0.2087,0.0488,0.3315,,,,,,,,,,,
Ours,race,glass,1,1,0.0498,,0.5896,0.3643,0.4026,0.3007,0.2696,0.2927,0.5249,,,,,,,,,,,
Ours,race,glass,2,1,0.0892,,0.4925,0.3857,0.3506,0.2876,0.2261,0.1707,0.5359,,,,,,,,,,,
Ours,race,glass,3,1,0.0224,,0.5000,0.2786,0.2338,0.2549,0.2435,0.2520,0.4696,,,,,,,,,,,
Ours,race,impulse,1,1,0.0283,,0.6194,0.2571,0.3312,0.1830,0.3130,0.1057,0.6022,,,,,,,,,,,
Ours,race,impulse,2,1,0.0176,,0.5448,0.2500,0.2597,0.1503,0.2522,0.0732,0.6077,,,,,,,,,,,
Ours,race,impulse,3,1,0.0106,,0.5597,0.1786,0.2208,0.1046,0.2696,0.0407,0.6022,,,,,,,,,,,
Ours,race,jpeg,1,1,0.0428,,0.6119,0.4214,0.3571,0.3137,0.2348,0.2683,0.5746,,,,,,,,,,,
Ours,race,jpeg,2,1,0.0048,,0.4851,0.3786,0.3701,0.3595,0.1652,0.1789,0.5193,,,,,,,,,,,
Ours,race,jpeg,3,1,0.0023,,0.4403,0.3429,0.3312,0.2614,0.1826,0.1382,0.3757,,,,,,,,,,,
Ours,race,shot,1,1,0.0058,,0.4627,0.4143,0.3961,0.3203,0.2522,0.0894,0.4807,,,,,,,,,,,
Ours,race,shot,2,1,0.0085,,0.5373,0.3071,0.3701,0.2680,0.2435,0.0569,0.4309,,,,,,,,,,,
Ours,race,shot,3,1,0.0004,,0.5224,0.3357,0.3831,0.1765,0.2522,0.0244,0.3757,,,,,,,,,,,
Ours,race,clean,0,2,0.0371,,0.5746,0.4214,0.3766,0.2745,0.2435,0.3415,0.5801,,,,,,,,,,,
Ours,race,cutout,1,2,0.0503,,0.7090,0.4786,0.4221,0.2810,0.3304,0.1789,0.5856,,,,,,,,,,,
Ours,race,cutout,2,2,0.0058,,0.6791,0.4571,0.5260,0.2288,0.2696,0.1789,0.6077,,,,,,,,,,,
Ours,race,cutout,3,2,0.0592,,0.6716,0.4357,0.5195,0.2026,0.2870,0.1707,0.6133,,,,,,,,,,,
Ours,race,defocus,1,2,0.0382,,0.5373,0.3143,0.3247,0.2680,0.2174,0.2276,0.5249,,,,,,,,,,,
Ours,race,defocus,2,2,0.0417,,0.4776,0.2500,0.2468,0.3660,0.2957,0.1138,0.4309,,,,,,,,,,,
Ours,race,defocus,3,2,0.0086,,0.4328,0.2000,0.2662,0.2418,0.3739,0.1789,0.3149,,,,,,,,,,,
Ours,race,gaussian,1,2,0.0030,,0.4627,0.3714,0.4091,0.2745,0.2000,0.1220,0.4972,,,,,,,,,,,
Ours,race,gaussian,2,2,0.0136,,0.4627,0.2857,0.4870,0.3007,0.2609,0.0650,0.4475,,,,,,,,,,,
Ours,race,gaussian,3,2,0.0300,,0.4478,0.2214,0.4351,0.1438,0.2696,0.0569,0.4033,,,,,,,,,,,
Ours,race,glass,1,2,0.0191,,0.5970,0.3214,0.4026,0.3399,0.2000,0.2764,0.5470,,,,,,,,,,,
Ours,race,glass,2,2,0.0743,,0.4776,0.3857,0.3442,0.2941,0.2087,0.1707,0.5193,,,,,,,,,,,
Ours,race,glass,3,2,0.0425,,0.5149,0.3143,0.2792,0.2353,0.1652,0.2520,0.4586,,,,,,,,,,,
Ours,race,impulse,1,2,0.0214,,0.5970,0.2714,0.3052,0.2157,0.3043,0.0976,0.5746,,,,,,,,,,,
Ours,race,impulse,2,2,0.0129,,0.5522,0.2357,0.2013,0.1830,0.2957,0.0894,0.5635,,,,,,,,,,,
Ours,race,impulse,3,2,0.0095,,0.6045,0.1929,0.1494,0.1242,0.3217,0.0569,0.5967,,,,,,,,,,,
Ours,race,jpeg,1,2,0.0350,,0.5672,0.4214,0.3766,0.2745,0.2435,0.3415,0.5801,,,,,,,,,,,
Ours,race,jpeg,2,2,0.0076,,0.4925,0.4071,0.3961,0.2941,0.1913,0.1301,0.5028,,,,,,,,,,,
Ours,race,jpeg,3,2,0.0020,,0.4030,0.2786,0.3312,0.2680,0.1826,0.0569,0.3370,,,,,,,,,,,
Ours,race,shot,1,2,0.0095,,0.4776,0.3786,0.4026,0.3529,0.2087,0.1220,0.4807,,,,,,,,,,,
Ours,race,shot,2,2,0.0118,,0.4925,0.3071,0.4610,0.3268,0.2261,0.0163,0.4586,,,,,,,,,,,
Ours,race,shot,3,2,0.0397,,0.4701,0.2214,0.4351,0.1895,0.2522,0.0244,0.4475,,,,,,,,,,,
Ours,race,clean,0,3,0.0365,,0.6269,0.4071,0.3896,0.2810,0.2609,0.3415,0.5856,,,,,,,,,,,
Ours,race,cutout,1,3,0.0545,,0.6866,0.4571,0.4805,0.3072,0.2435,0.2033,0.5967,,,,,,,,,,,
Ours,race,cutout,2,3,0.0195,,0.6567,0.4143,0.5130,0.2876,0.1826,0.2114,0.6354,,,,,,,,,,,
Ours,race,cutout,3,3,0.0565,,0.6343,0.4143,0.5000,0.2353,0.1913,0.2439,0.6298,,,,,,,,,,,
Ours,race,defocus,1,3,0.0419,,0.5075,0.3143,0.2922,0.2680,0.2435,0.2520,0.5304,,,,,,,,,,,
Ours,race,defocus,2,3,0.0920,,0.5224,0.2429,0.2403,0.3399,0.2696,0.1463,0.4309,,,,,,,,,,,
Ours,race,defocus,3,3,0.0068,,0.4403,0.1929,0.2922,0.3137,0.2783,0.1951,0.3591,,,,,,,,,,,
Ours,race,gaussian,1,3,0.0112,,0.5373,0.3786,0.3312,0.2876,0.2261,0.1138,0.4862,,,,,,,,,,,
Ours,race,gaussian,2,3,0.0017,,0.4851,0.3571,0.3377,0.2745,0.2435,0.0976,0.4199,,,,,,,,,,,
Ours,race,gaussian,3,3,0.0128,,0.4552,0.3214,0.4416,0.1634,0.1739,0.0407,0.3315,,,,,,,,,,,
Ours,race,glass,1,3,0.0439,,0.6045,0.3500,0.3961,0.2941,0.2609,0.3008,0.5414,,,,,,,,,,,
Ours,race,glass,2,3,0.0708,,0.4701,0.3571,0.3377,0.3137,0.2348,0.1870,0.5304,,,,,,,,,,,
Ours,race,glass,3,3,0.0275,,0.4851,0.2929,0.2078,0.2353,0.2000,0.2439,0.5028,,,,,,,,,,,
Ours,race,impulse,1,3,0.0414,,0.5970,0.3286,0.3506,0.1961,0.2261,0.0976,0.5580,,,,,,,,,,,
Ours,race,impulse,2,3,0.0269,,0.5896,0.2929,0.2792,0.1438,0.2174,0.1138,0.5801,,,,,,,,,,,
Ours,race,impulse,3,3,0.0201,,0.6642,0.2071,0.2468,0.0850,0.2087,0.0813,0.5746,,,,,,,,,,,
Ours,race,jpeg,1,3,0.0343,,0.6269,0.4071,0.3896,0.2810,0.2609,0.3333,0.5856,,,,,,,,,,,
Ours,race,jpeg,2,3,0.0001,,0.5299,0.3714,0.2922,0.3791,0.1913,0.1220,0.5138,,,,,,,,,,,
Ours,race,jpeg,3,3,0.0106,,0.5149,0.3429,0.2662,0.2484,0.1391,0.1138,0.4199,,,,,,,,,,,
Ours,race,shot,1,3,0.0013,,0.5000,0.3929,0.3442,0.3137,0.2261,0.1220,0.4696,,,,,,,,,,,
Ours,race,shot,2,3,0.0110,,0.5000,0.3143,0.3636,0.2876,0.1826,0.0407,0.4254,,,,,,,,,,,
Ours,race,shot,3,3,0.0218,,0.4701,0.3429,0.4935,0.1765,0.1217,0.0407,0.3923,,,,,,,,,,,
Ours,race,clean,0,4,0.0488,,0.5970,0.4286,0.3896,0.2941,0.3304,0.2927,0.5801,,,,,,,,,,,
Ours,race,cutout,1,4,0.0538,,0.6866,0.5071,0.4481,0.2810,0.2609,0.1870,0.5746,,,,,,,,,,,
Ours,race,cutout,2,4,0.0466,,0.6866,0.4429,0.4935,0.2092,0.2174,0.1951,0.6188,,,,,,,,,,,
Ours,race,cutout,3,4,0.0388,,0.6493,0.4714,0.5000,0.1961,0.2174,0.1789,0.6519,,,,,,,,,,,
Ours,race,defocus,1,4,0.0402,,0.4328,0.2929,0.3247,0.2941,0.2348,0.2195,0.5028,,,,,,,,,,,
Ours,race,defocus,2,4,0.0365,,0.4179,0.2571,0.3312,0.3072,0.2870,0.1138,0.3978,,,,,,,,,,,
Ours,race,defocus,3,4,0.0090,,0.4254,0.2214,0.3442,0.2549,0.3043,0.1626,0.3536,,,,,,,,,,,
Ours,race,gaussian,1,4,0.0240,,0.5075,0.3786,0.4481,0.2680,0.2000,0.1138,0.4751,,,,,,,,,,,
Ours,race,gaussian,2,4,0.0108,,0.4701,0.2929,0.4286,0.3529,0.1652,0.0488,0.4420,,,,,,,,,,,
Ours,race,gaussian,3,4,0.0433,,0.4552,0.2500,0.4545,0.1634,0.2000,0.0325,0.3481,,,,,,,,,,,
Ours,race,glass,1,4,0.0441,,0.5522,0.3500,0.3961,0.2941,0.2957,0.3171,0.5580,,,,,,,,,,,
Ours,race,glass,2,4,0.0664,,0.4851,0.3643,0.3636,0.2941,0.2522,0.1870,0.5691,,,,,,,,,,,
Ours,race,glass,3,4,0.0458,,0.5000,0.2857,0.2922,0.2680,0.2522,0.2602,0.4530,,,,,,,,,,,
Ours,race,impulse,1,4,0.0280,,0.5448,0.2571,0.3571,0.2810,0.3043,0.0813,0.5635,,,,,,,,,,,
Ours,race,impulse,2,4,0.0160,,0.4851,0.2429,0.2727,0.1895,0.3130,0.0569,0.6022,,,,,,,,,,,
Ours,race,impulse,3,4,0.0079,,0.5896,0.1714,0.2532,0.1373,0.3043,0.0163,0.5801,,,,,,,,,,,
Ours,race,jpeg,1,4,0.0466,,0.6045,0.4286,0.3831,0.2941,0.3304,0.2927,0.5746,,,,,,,,,,,
Ours,race,jpeg,2,4,0.0282,,0.4552,0.4143,0.3506,0.3464,0.2261,0.1382,0.4696,,,,,,,,,,,
Ours,race,jpeg,3,4,0.0010,,0.5075,0.3357,0.3117,0.2484,0.1913,0.0894,0.3536,,,,,,,,,,,
Ours,race,shot,1,4,0.0043,,0.4701,0.3786,0.4610,0.3595,0.2348,0.0976,0.4862,,,,,,,,,,,
Ours,race,shot,2,4,0.0043,,0.4403,0.2929,0.4675,0.3007,0.1826,0.0081,0.4420,,,,,,,,,,,
Ours,race,shot,3,4,0.0038,,0.4627,0.3143,0.4610,0.1765,0.2174,0.0244,0.4033,,,,,,,,,,,
Ours,gender,clean,0,0,0.1830,0.2317,,,,,,,,0.7356,0.8060,,,,,,,,,
Ours,gender,cutout,1,0,0.1370,0.2612,,,,,,,,0.7143,0.8776,,,,,,,,,
Ours,gender,cutout,2,0,0.1762,0.3105,,,,,,,,0.7122,0.8550,,,,,,,,,
Ours,gender,cutout,3,0,0.1426,0.3018,,,,,,,,0.6951,0.8588,,,,,,,,,
Ours,gender,defocus,1,0,0.1234,0.2124,,,,,,,,0.6759,0.7476,,,,,,,,,
Ours,gender,defocus,2,0,0.0476,0.1752,,,,,,,,0.6375,0.7100,,,,,,,,,
Ours,gender,defocus,3,0,0.0454,0.2345,,,,,,,,0.5736,0.7288,,,,,,,,,
Ours,gender,gaussian,1,0,0.0893,0.2942,,,,,,,,0.6226,0.7533,,,,,,,,,
Ours,gender,gaussian,2,0,0.1108,0.2508,,,,,,,,0.6205,0.7269,,,,,,,,,
Ours,gender,gaussian,3,0,0.0865,0.1840,,,,,,,,0.5544,0.7702,,,,,,,,,
Ours,gender,glass,1,0,0.1611,0.1655,,,,,,,,0.7228,0.8004,,,,,,,,,
Ours,gender,glass,2,0,0.1843,0.2485,,,,,,,,0.6546,0.7778,,,,,,,,,
Ours,gender,glass,3,0,0.0961,0.2247,,,,,,,,0.6311,0.7326,,,,,,,,,
Ours,gender,impulse,1,0,0.1422,0.1974,,,,,,,,0.7164,0.6497,,,,,,,,,
Ours,gender,impulse,2,0,0.0883,0.1999,,,,,,,,0.6759,0.6554,,,,,,,,,
Ours,gender,impulse,3,0,0.1747,0.1844,,,,,,,,0.6546,0.6591,,,,,,,,,
Ours,gender,jpeg,1,0,0.1830,0.2317,,,,,,,,0.7356,0.8079,,,,,,,,,
Ours,gender,jpeg,2,0,0.1057,0.1725,,,,,,,,0.7122,0.7646,,,,,,,,,
Ours,gender,jpeg,3,0,0.0933,0.1448,,,,,,,,0.6823,0.6648,,,,,,,,,
Ours,gender,shot,1,0,0.1012,0.2258,,,,,,,,0.6525,0.7646,,,,,,,,,
Ours,gender,shot,2,0,0.1677,0.2078,,,,,,,,0.6034,0.7571,,,,,,,,,
Ours,gender,shot,3,0,0.2275,0.2235,,,,,,,,0.5906,0.7288,,,,,,,,,
Ours,gender,clean,0,1,0.1696,0.2572,,,,,,,,0.7399,0.7966,,,,,,,,,
Ours,gender,cutout,1,1,0.1949,0.2612,,,,,,,,0.7015,0.8814,,,,,,,,,
Ours,gender,cutout,2,1,0.1715,0.2850,,,,,,,,0.7036,0.8550,,,,,,,,,
Ours,gender,cutout,3,1,0.1381,0.2595,,,,,,,,0.6823,0.8493,,,,,,,,,
Ours,gender,defocus,1,1,0.1247,0.2230,,,,,,,,0.6716,0.7514,,,,,,,,,
Ours,gender,defocus,2,1,0.0456,0.1832,,,,,,,,0.6567,0.6893,,,,,,,,,
Ours,gender,defocus,3,1,0.0626,0.1752,,,,,,,,0.6162,0.7024,,,,,,,,,
Ours,gender,gaussian,1,1,0.0789,0.3033,,,,,,,,0.6034,0.7608,,,,,,,,,
Ours,gender,gaussian,2,1,0.0849,0.2432,,,,,,,,0.5949,0.7288,,,,,,,,,
Ours,gender,gaussian,3,1,0.1145,0.1997,,,,,,,,0.5458,0.7420,,,,,,,,,
Ours,gender,glass,1,1,0.1644,0.2322,,,,,,,,0.7463,0.7910,,,,,,,,,
Ours,gender,glass,2,1,0.1619,0.2508,,,,,,,,0.6759,0.7759,,,,,,,,,
Ours,gender,glass,3,1,0.1305,0.1893,,,,,,,,0.6418,0.7100,,,,,,,,,
Ours,gender,impulse,1,1,0.1271,0.2115,,,,,,,,0.6844,0.6761,,,,,,,,,
Ours,gender,impulse,2,1,0.0535,0.2695,,,,,,,,0.6354,0.6836,,,,,,,,,
Ours,gender,impulse,3,1,0.1445,0.1859,,,,,,,,0.6247,0.6817,,,,,,,,,
Ours,gender,jpeg,1,1,0.1696,0.2572,,,,,,,,0.7399,0.7947,,,,,,,,,
Ours,gender,jpeg,2,1,0.0873,0.2211,,,,,,,,0.7100,0.7533,,,,,,,,,
Ours,gender,jpeg,3,1,0.1430,0.1970,,,,,,,,0.6887,0.6836,,,,,,,,,
Ours,gender,shot,1,1,0.0638,0.2576,,,,,,,,0.6205,0.7721,,,,,,,,,
Ours,gender,shot,2,1,0.1212,0.2160,,,,,,,,0.6183,0.7420,,,,,,,,,
Ours,gender,shot,3,1,0.2004,0.2165,,,,,,,,0.5650,0.7382,,,,,,,,,
Ours,gender,clean,0,2,0.1929,0.2583,,,,,,,,0.7420,0.8098,,,,,,,,,
Ours,gender,cutout,1,2,0.1892,0.2774,,,,,,,,0.7036,0.8644,,,,,,,,,
Ours,gender,cutout,2,2,0.1622,0.2768,,,,,,,,0.7079,0.8531,,,,,,,,,
Ours,gender,cutout,3,2,0.1790,0.2768,,,,,,,,0.6930,0.8493,,,,,,,,,
Ours,gender,defocus,1,2,0.1247,0.2241,,,,,,,,0.6588,0.7608,,,,,,,,,
Ours,gender,defocus,2,2,0.1322,0.1885,,,,,,,,0.5778,0.7439,,,,,,,,,
Ours,gender,defocus,3,2,0.1059,0.1782,,,,,,,,0.5117,0.7759,,,,,,,,,
Ours,gender,gaussian,1,2,0.0947,0.2855,,,,,,,,0.6290,0.7608,,,,,,,,,
Ours,gender,gaussian,2,2,0.1011,0.2636,,,,,,,,0.6226,0.6874,,,,,,,,,
Ours,gender,gaussian,3,2,0.1449,0.1632,,,,,,,,0.5949,0.7213,,,,,,,,,
Ours,gender,glass,1,2,0.1948,0.2154,,,,,,,,0.7441,0.7702,,,,,,,,,
Ours,gender,glass,2,2,0.1718,0.1823,,,,,,,,0.6759,0.7872,,,,,,,,,
Ours,gender,glass,3,2,0.1321,0.2171,,,,,,,,0.6226,0.7608,,,,,,,,,
Ours,gender,impulse,1,2,0.1351,0.2457,,,,,,,,0.7015,0.6798,,,,,,,,,
Ours,gender,impulse,2,2,0.0537,0.2173,,,,,,,,0.6610,0.6535,,,,,,,,,
Ours,gender,impulse,3,2,0.1711,0.2173,,,,,,,,0.6631,0.6460,,,,,,,,,
Ours,gender,jpeg,1,2,0.1929,0.2583,,,,,,,,0.7420,0.8098,,,,,,,,,
Ours,gender,jpeg,2,2,0.1002,0.2415,,,,,,,,0.7036,0.7721,,,,,,,,,
Ours,gender,jpeg,3,2,0.1303,0.1868,,,,,,,,0.6716,0.6968,,,,,,,,,
Ours,gender,shot,1,2,0.1024,0.2207,,,,,,,,0.6482,0.7552,,,,,,,,,
Ours,gender,shot,2,2,0.1472,0.2039,,,,,,,,0.6525,0.7062,,,,,,,,,
Ours,gender,shot,3,2,0.1927,0.2190,,,,,,,,0.6247,0.6685,,,,,,,,,
Ours,gender,clean,0,3,0.1681,0.2258,,,,,,,,0.7313,0.8079,,,,,,,,,
Ours,gender,cutout,1,3,0.1743,0.2362,,,,,,,,0.7058,0.8757,,,,,,,,,
Ours,gender,cutout,2,3,0.1827,0.2850,,,,,,,,0.7122,0.8588,,,,,,,,,
Ours,gender,cutout,3,3,0.1575,0.2595,,,,,,,,0.6994,0.8475,,,,,,,,,
Ours,gender,defocus,1,3,0.1458,0.1941,,,,,,,,0.6482,0.7495,,,,,,,,,
Ours,gender,defocus,2,3,0.0382,0.1317,,,,,,,,0.6546,0.6987,,,,,,,,,
Ours,gender,defocus,3,3,0.0441,0.1093,,,,,,,,0.5757,0.7326,,,,,,,,,
Ours,gender,gaussian,1,3,0.1224,0.2641,,,,,,,,0.6162,0.7778,,,,,,,,,
Ours,gender,gaussian,2,3,0.1045,0.2230,,,,,,,,0.6311,0.7213,,,,,,,,,
Ours,gender,gaussian,3,3,0.1845,0.1095,,,,,,,,0.5714,0.7495,,,,,,,,,
Ours,gender,glass,1,3,0.1494,0.1649,,,,,,,,0.7356,0.7910,,,,,,,,,
Ours,gender,glass,2,3,0.1408,0.2154,,,,,,,,0.6567,0.7797,,,,,,,,,
Ours,gender,glass,3,3,0.1121,0.2044,,,,,,,,0.6588,0.7213,,,,,,,,,
Ours,gender,impulse,1,3,0.1799,0.2283,,,,,,,,0.6887,0.6836,,,,,,,,,
Ours,gender,impulse,2,3,0.0831,0.1942,,,,,,,,0.6461,0.6610,,,,,,,,,
Ours,gender,impulse,3,3,0.1442,0.1422,,,,,,,,0.6610,0.6422,,,,,,,,,
Ours,gender,jpeg,1,3,0.1681,0.2258,,,,,,,,0.7313,0.8079,,,,,,,,,
Ours,gender,jpeg,2,3,0.0747,0.1986,,,,,,,,0.7207,0.7721,,,,,,,,,
Ours,gender,jpeg,3,3,0.0726,0.1920,,,,,,,,0.6738,0.7100,,,,,,,,,
Ours,gender,shot,1,3,0.1108,0.2620,,,,,,,,0.6461,0.7476,,,,,,,,,
Ours,gender,shot,2,3,0.1835,0.1992,,,,,,,,0.6183,0.7288,,,,,,,,,
Ours,gender,shot,3,3,0.2085,0.2364,,,,,,,,0.6055,0.6911,,,,,,,,,
Ours,gender,clean,0,4,0.1805,0.2154,,,,,,,,0.7356,0.8004,,,,,,,,,
Ours,gender,cutout,1,4,0.1529,0.2303,,,,,,,,0.6738,0.9002,,,,,,,,,
Ours,gender,cutout,2,4,0.1547,0.3128,,,,,,,,0.6780,0.8795,,,,,,,,,
Ours,gender,cutout,3,4,0.1232,0.2623,,,,,,,,0.6738,0.8644,,,,,,,,,
Ours,gender,defocus,1,4,0.1124,0.1727,,,,,,,,0.6290,0.7740,,,,,,,,,
Ours,gender,defocus,2,4,0.0672,0.2416,,,,,,,,0.6098,0.7307,,,,,,,,,
Ours,gender,defocus,3,4,0.0621,0.1876,,,,,,,,0.5352,0.7815,,,,,,,,,
Ours,gender,gaussian,1,4,0.0893,0.2724,,,,,,,,0.6333,0.7552,,,,,,,,,
Ours,gender,gaussian,2,4,0.1336,0.2421,,,,,,,,0.6013,0.7194,,,,,,,,,
Ours,gender,gaussian,3,4,0.1726,0.1509,,,,,,,,0.5075,0.7778,,,,,,,,,
Ours,gender,glass,1,4,0.1892,0.1986,,,,,,,,0.7377,0.8004,,,,,,,,,
Ours,gender,glass,2,4,0.1794,0.2008,,,,,,,,0.6354,0.7910,,,,,,,,,
Ours,gender,glass,3,4,0.1507,0.2217,,,,,,,,0.6098,0.7495,,,,,,,,,
Ours,gender,impulse,1,4,0.1341,0.2168,,,,,,,,0.7228,0.6460,,,,,,,,,
Ours,gender,impulse,2,4,0.0678,0.1657,,,,,,,,0.6866,0.6234,,,,,,,,,
Ours,gender,impulse,3,4,0.1819,0.1292,,,,,,,,0.7079,0.5819,,,,,,,,,
Ours,gender,jpeg,1,4,0.1805,0.2154,,,,,,,,0.7377,0.8004,,,,,,,,,
Ours,gender,jpeg,2,4,0.1165,0.2426,,,,,,,,0.6908,0.8004,,,,,,,,,
Ours,gender,jpeg,3,4,0.1238,0.1584,,,,,,,,0.6908,0.7043,,,,,,,,,
Ours,gender,shot,1,4,0.1240,0.2925,,,,,,,,0.6525,0.7514,,,,,,,,,
Ours,gender,shot,2,4,0.1224,0.1945,,,,,,,,0.6269,0.7627,,,,,,,,,
Ours,gender,shot,3,4,0.2460,0.2258,,,,,,,,0.5544,0.7589,,,,,,,,,
Ours,age,clean,0,0,0.1177,,,,,,,,,,,0.3529,0.0761,0.4588,0.4148,0.3043,0.1750,0.2656,0.1961,0.1667
Ours,age,cutout,1,0,0.0881,,,,,,,,,,,0.3529,0.0978,0.6057,0.5481,0.1652,0.3167,0.3125,0.1765,0.0000
Ours,age,cutout,2,0,0.1434,,,,,,,,,,,0.3529,0.1196,0.5878,0.5333,0.1739,0.4000,0.2812,0.1373,0.0000
Ours,age,cutout,3,0,0.1577,,,,,,,,,,,0.3529,0.0435,0.6344,0.5481,0.1261,0.4167,0.2031,0.0784,0.0833
Ours,age,defocus,1,0,0.0748,,,,,,,,,,,0.2941,0.0435,0.4695,0.3333,0.2565,0.1667,0.1094,0.2353,0.0000
Ours,age,defocus,2,0,0.1984,,,,,,,,,,,0.2353,0.0543,0.4552,0.3630,0.2000,0.1417,0.1250,0.1569,0.0000
Ours,age,defocus,3,0,0.1921,,,,,,,,,,,0.1765,0.1304,0.3799,0.4000,0.2913,0.1000,0.0938,0.3137,0.0000
Ours,age,gaussian,1,0,0.1182,,,,,,,,,,,0.3529,0.1087,0.3763,0.3926,0.3348,0.1500,0.1094,0.2549,0.0000
Ours,age,gaussian,2,0,0.1113,,,,,,,,,,,0.2941,0.1848,0.5376,0.3185,0.2087,0.1833,0.1719,0.1961,0.0833
Ours,age,gaussian,3,0,0.1023,,,,,,,,,,,0.1765,0.1630,0.5591,0.3037,0.0913,0.1000,0.1719,0.0588,0.0000
Ours,age,glass,1,0,0.1635,,,,,,,,,,,0.3529,0.0543,0.4946,0.3630,0.2870,0.2083,0.2031,0.1569,0.0833
Ours,age,glass,2,0,0.1305,,,,,,,,,,,0.3529,0.1196,0.4803,0.3778,0.3000,0.2000,0.1406,0.1176,0.0000
Ours,age,glass,3,0,0.1706,,,,,,,,,,,0.2353,0.0761,0.4014,0.4222,0.2783,0.1833,0.1562,0.1176,0.0833
Ours,age,impulse,1,0,0.1061,,,,,,,,,,,0.1765,0.1630,0.6846,0.3704,0.0217,0.1083,0.1094,0.0980,0.0000
Ours,age,impulse,2,0,0.0532,,,,,,,,,,,0.1176,0.0761,0.6201,0.2963,0.0043,0.1833,0.2969,0.0588,0.0000
Ours,age,impulse,3,0,0.1122,,,,,,,,,,,0.0588,0.0761,0.5735,0.3259,0.0130,0.3000,0.1719,0.0588,0.0000
Ours,age,jpeg,1,0,0.1177,,,,,,,,,,,0.3529,0.0761,0.4588,0.4148,0.3043,0.1750,0.2656,0.1961,0.1667
Ours,age,jpeg,2,0,0.1081,,,,,,,,,,,0.3529,0.1522,0.4122,0.3333,0.2913,0.1250,0.1406,0.1765,0.0833
Ours,age,jpeg,3,0,0.1592,,,,,,,,,,,0.4706,0.1304,0.4194,0.2296,0.2870,0.1500,0.0469,0.1765,0.0000
Ours,age,shot,1,0,0.1749,,,,,,,,,,,0.4706,0.1739,0.4624,0.4963,0.2652,0.1167,0.1250,0.1569,0.0833
Ours,age,shot,2,0,0.0928,,,,,,,,,,,0.2353,0.2717,0.4875,0.4000,0.1652,0.1000,0.0781,0.2157,0.0000
Ours,age,shot,3,0,0.0900,,,,,,,,,,,0.2941,0.1304,0.6774,0.3926,0.0522,0.1083,0.1094,0.1176,0.0000
Ours,age,clean,0,1,0.0963,,,,,,,,,,,0.3529,0.1087,0.4588,0.3852,0.3043,0.1667,0.2969,0.2353,0.1667
Ours,age,cutout,1,1,0.1155,,,,,,,,,,,0.3529,0.0978,0.6057,0.5704,0.2087,0.2167,0.2344,0.1765,0.0000
Ours,age,cutout,2,1,0.1696,,,,,,,,,,,0.3529,0.1196,0.5914,0.5926,0.2217,0.3333,0.2500,0.2353,0.0000
Ours,age,cutout,3,1,0.1624,,,,,,,,,,,0.2941,0.0652,0.6631,0.5407,0.2000,0.2833,0.1719,0.1569,0.0000
Ours,age,defocus,1,1,0.0764,,,,,,,,,,,0.2353,0.0761,0.4946,0.3185,0.2609,0.1083,0.1562,0.1765,0.0000
Ours,age,defocus,2,1,0.1333,,,,,,,,,,,0.2353,0.1087,0.4839,0.3259,0.2130,0.0833,0.1562,0.1961,0.0000
Ours,age,defocus,3,1,0.1770,,,,,,,,,,,0.1765,0.0761,0.4480,0.4519,0.2174,0.0917,0.0781,0.2745,0.0000
Ours,age,gaussian,1,1,0.1175,,,,,,,,,,,0.4706,0.1087,0.3728,0.4148,0.3087,0.1250,0.1094,0.2745,0.0000
Ours,age,gaussian,2,1,0.0919,,,,,,,,,,,0.2941,0.1413,0.5484,0.2963,0.2043,0.1750,0.1250,0.2353,0.0833
Ours,age,gaussian,3,1,0.1224,,,,,,,,,,,0.1765,0.0761,0.5233,0.3630,0.1783,0.2000,0.1094,0.0588,0.0000
Ours,age,glass,1,1,0.1212,,,,,,,,,,,0.4118,0.0652,0.4839,0.4074,0.2913,0.2083,0.1875,0.1961,0.0833
Ours,age,glass,2,1,0.1060,,,,,,,,,,,0.3529,0.0870,0.4373,0.4444,0.3348,0.2000,0.1406,0.1765,0.0000
Ours,age,glass,3,1,0.1342,,,,,,,,,,,0.3529,0.0652,0.3584,0.4889,0.2696,0.1583,0.1094,0.0980,0.0000
Ours,age,impulse,1,1,0.1760,,,,,,,,,,,0.2941,0.1957,0.5484,0.3852,0.1130,0.1000,0.1250,0.1765,0.0000
Ours,age,impulse,2,1,0.1081,,,,,,,,,,,0.2353,0.2283,0.5699,0.2370,0.0739,0.1333,0.1094,0.0980,0.0000
Ours,age,impulse,3,1,0.0413,,,,,,,,,,,0.0588,0.1087,0.5950,0.2815,0.0826,0.1917,0.1562,0.0588,0.0000
Ours,age,jpeg,1,1,0.0963,,,,,,,,,,,0.3529,0.1087,0.4588,0.3926,0.3043,0.1667,0.2969,0.2353,0.1667
Ours,age,jpeg,2,1,0.0898,,,,,,,,,,,0.4118,0.1087,0.4480,0.3556,0.2435,0.1417,0.1562,0.2157,0.0833
Ours,age,jpeg,3,1,0.0716,,,,,,,,,,,0.4706,0.1087,0.4050,0.2963,0.2913,0.1833,0.1719,0.1961,0.0000
Ours,age,shot,1,1,0.1090,,,,,,,,,,,0.4118,0.1739,0.5090,0.4593,0.2174,0.0750,0.1719,0.1569,0.0833
Ours,age,shot,2,1,0.1022,,,,,,,,,,,0.2941,0.2065,0.5735,0.4222,0.1391,0.1083,0.1250,0.2157,0.0000
Ours,age,shot,3,1,0.0855,,,,,,,,,,,0.2353,0.1087,0.6882,0.4370,0.0826,0.1250,0.1250,0.0588,0.0000
Ours,age,clean,0,2,0.1474,,,,,,,,,,,0.3529,0.1413,0.4373,0.4296,0.3174,0.1500,0.2344,0.2157,0.2500
Ours,age,cutout,1,2,0.1109,,,,,,,,,,,0.4118,0.0870,0.6738,0.5704,0.1870,0.1667,0.2969,0.2353,0.0833
Ours,age,cutout,2,2,0.1370,,,,,,,,,,,0.2941,0.1630,0.6595,0.5630,0.2174,0.2667,0.2812,0.2353,0.0000
Ours,age,cutout,3,2,0.1370,,,,,,,,,,,0.2941,0.0978,0.6953,0.5407,0.1739,0.2250,0.2188,0.1569,0.0833
Ours,age,defocus,1,2,0.1112,,,,,,,,,,,0.2353,0.0870,0.4803,0.3185,0.2348,0.2000,0.1406,0.1765,0.0833
Ours,age,defocus,2,2,0.1630,,,,,,,,,,,0.1765,0.0870,0.5197,0.2593,0.2000,0.0833,0.0938,0.2549,0.0000
Ours,age,defocus,3,2,0.1492,,,,,,,,,,,0.2353,0.1413,0.4444,0.3333,0.2348,0.0500,0.1562,0.2745,0.0000
Ours,age,gaussian,1,2,0.1331,,,,,,,,,,,0.4706,0.0978,0.3656,0.3926,0.3826,0.0917,0.1406,0.3137,0.0833
Ours,age,gaussian,2,2,0.0889,,,,,,,,,,,0.2941,0.1630,0.5591,0.2889,0.2348,0.1500,0.1406,0.2745,0.0000
Ours,age,gaussian,3,2,0.1078,,,,,,,,,,,0.1176,0.1304,0.5950,0.3407,0.1130,0.1417,0.1094,0.1176,0.0000
Ours,age,glass,1,2,0.1652,,,,,,,,,,,0.3529,0.0978,0.4659,0.4667,0.3043,0.1917,0.2031,0.1569,0.1667
Ours,age,glass,2,2,0.1739,,,,,,,,,,,0.2941,0.0978,0.4229,0.4370,0.3217,0.1583,0.1406,0.1765,0.0000
Ours,age,glass,3,2,0.1292,,,,,,,,,,,0.2941,0.0978,0.3405,0.3926,0.2913,0.1667,0.1875,0.0980,0.0833
Ours,age,impulse,1,2,0.1183,,,,,,,,,,,0.1176,0.1630,0.6989,0.3556,0.0435,0.0667,0.0469,0.1176,0.0000
Ours,age,impulse,2,2,0.0910,,,,,,,,,,,0.1176,0.1630,0.6989,0.2222,0.0391,0.0750,0.0625,0.0784,0.0000
Ours,age,impulse,3,2,0.1290,,,,,,,,,,,0.0588,0.1304,0.7312,0.2370,0.0391,0.1083,0.0625,0.1569,0.0000
Ours,age,jpeg,1,2,0.1474,,,,,,,,,,,0.3529,0.1413,0.4409,0.4296,0.3217,0.1500,0.2344,0.2157,0.2500
Ours,age,jpeg,2,2,0.1438,,,,,,,,,,,0.3529,0.1304,0.4659,0.3481,0.2739,0.1250,0.1250,0.1765,0.0833
Ours,age,jpeg,3,2,0.1188,,,,,,,,,,,0.4118,0.1413,0.4014,0.2519,0.2826,0.1583,0.0469,0.2157,0.0833
Ours,age,shot,1,2,0.1659,,,,,,,,,,,0.4118,0.1739,0.4516,0.4444,0.3217,0.0750,0.1406,0.1765,0.0833
Ours,age,shot,2,2,0.0918,,,,,,,,,,,0.2941,0.2174,0.5520,0.3630,0.1739,0.0750,0.0938,0.2549,0.0000
Ours,age,shot,3,2,0.0978,,,,,,,,,,,0.2353,0.0652,0.7527,0.4000,0.0435,0.0833,0.0156,0.1176,0.0000
Ours,age,clean,0,3,0.1188,,,,,,,,,,,0.2941,0.1087,0.4624,0.4519,0.2783,0.1583,0.2812,0.2157,0.1667
Ours,age,cutout,1,3,0.1314,,,,,,,,,,,0.3529,0.0870,0.5878,0.5778,0.1870,0.3167,0.2656,0.1373,0.0000
Ours,age,cutout,2,3,0.1615,,,,,,,,,,,0.3529,0.0870,0.6093,0.6000,0.1870,0.3333,0.2812,0.1373,0.0000
Ours,age,cutout,3,3,0.2003,,,,,,,,,,,0.2941,0.0435,0.6667,0.5481,0.1348,0.3417,0.2656,0.0980,0.0833
Ours,age,defocus,1,3,0.0841,,,,,,,,,,,0.1765,0.0652,0.4910,0.3185,0.2609,0.1917,0.1250,0.1373,0.0000
Ours,age,defocus,2,3,0.1224,,,,,,,,,,,0.1765,0.1087,0.4624,0.3185,0.2000,0.1500,0.1562,0.1961,0.0000
Ours,age,defocus,3,3,0.1622,,,,,,,,,,,0.2353,0.1413,0.3835,0.4148,0.2565,0.0583,0.1719,0.1961,0.0000
Ours,age,gaussian,1,3,0.1935,,,,,,,,,,,0.3529,0.0978,0.3799,0.4148,0.3957,0.0667,0.0625,0.2941,0.0000
Ours,age,gaussian,2,3,0.0959,,,,,,,,,,,0.2941,0.0978,0.5269,0.3852,0.1913,0.1583,0.0625,0.2549,0.0833
Ours,age,gaussian,3,3,0.1484,,,,,,,,,,,0.1176,0.0109,0.5735,0.4667,0.1304,0.1417,0.1250,0.0784,0.0000
Ours,age,glass,1,3,0.1289,,,,,,,,,,,0.3529,0.0761,0.4982,0.4148,0.2783,0.2167,0.2812,0.1373,0.1667
Ours,age,glass,2,3,0.1302,,,,,,,,,,,0.2353,0.0652,0.4803,0.4296,0.3043,0.1917,0.1094,0.0980,0.0000
Ours,age,glass,3,3,0.1439,,,,,,,,,,,0.2353,0.1087,0.3978,0.4222,0.3087,0.2167,0.1250,0.0784,0.0000
Ours,age,impulse,1,3,0.0886,,,,,,,,,,,0.2941,0.0652,0.7455,0.3556,0.0739,0.0833,0.0625,0.1569,0.0000
Ours,age,impulse,2,3,0.0688,,,,,,,,,,,0.1765,0.0326,0.7204,0.2593,0.0478,0.1250,0.1094,0.1176,0.0833
Ours,age,impulse,3,3,0.0690,,,,,,,,,,,0.0588,0.0435,0.6774,0.2148,0.0391,0.2833,0.0469,0.0196,0.0833
Ours,age,jpeg,1,3,0.1188,,,,,,,,,,,0.2941,0.1087,0.4588,0.4519,0.2783,0.1583,0.2812,0.2157,0.1667
Ours,age,jpeg,2,3,0.1208,,,,,,,,,,,0.4118,0.0978,0.4624,0.4000,0.2261,0.1417,0.1406,0.1961,0.0833
Ours,age,jpeg,3,3,0.1273,,,,,,,,,,,0.2941,0.0978,0.4444,0.3111,0.1783,0.2500,0.0625,0.1961,0.0833
Ours,age,shot,1,3,0.1933,,,,,,,,,,,0.4706,0.1739,0.4086,0.4444,0.3217,0.1250,0.0938,0.2353,0.0833
Ours,age,shot,2,3,0.1147,,,,,,,,,,,0.2941,0.1739,0.4803,0.4667,0.1739,0.0917,0.0938,0.2549,0.0000
Ours,age,shot,3,3,0.1627,,,,,,,,,,,0.1176,0.0543,0.6452,0.4963,0.0826,0.1000,0.0781,0.0980,0.0000
Ours,age,clean,0,4,0.1225,,,,,,,,,,,0.3529,0.1087,0.4444,0.3926,0.2696,0.1750,0.2188,0.2745,0.1667
Ours,age,cutout,1,4,0.1363,,,,,,,,,,,0.4118,0.0870,0.6129,0.6148,0.1783,0.3000,0.0938,0.2157,0.0000
Ours,age,cutout,2,4,0.1351,,,,,,,,,,,0.2941,0.0652,0.6272,0.6519,0.1783,0.3750,0.1406,0.2157,0.0000
Ours,age,cutout,3,4,0.1512,,,,,,,,,,,0.4118,0.0326,0.6882,0.6222,0.1609,0.3583,0.1562,0.2353,0.0000
Ours,age,defocus,1,4,0.1234,,,,,,,,,,,0.2353,0.0978,0.4122,0.3630,0.2522,0.1750,0.1875,0.1961,0.0000
Ours,age,defocus,2,4,0.1628,,,,,,,,,,,0.1765,0.1087,0.4516,0.3630,0.1783,0.1250,0.1875,0.1765,0.0000
Ours,age,defocus,3,4,0.1764,,,,,,,,,,,0.1765,0.1196,0.4301,0.4519,0.2217,0.0833,0.1719,0.2353,0.0000
Ours,age,gaussian,1,4,0.0520,,,,,,,,,,,0.3529,0.1087,0.4265,0.4296,0.3826,0.1500,0.1094,0.3333,0.0000
Ours,age,gaussian,2,4,0.0664,,,,,,,,,,,0.2941,0.0870,0.5090,0.3556,0.2435,0.2250,0.1875,0.2941,0.0000
Ours,age,gaussian,3,4,0.1143,,,,,,,,,,,0.1765,0.0326,0.4910,0.4889,0.1000,0.1583,0.0938,0.0784,0.0000
Ours,age,glass,1,4,0.1225,,,,,,,,,,,0.4118,0.0543,0.4552,0.4148,0.2870,0.2000,0.2031,0.2157,0.0000
Ours,age,glass,2,4,0.2045,,,,,,,,,,,0.2353,0.0978,0.4516,0.4444,0.3174,0.1667,0.1250,0.1569,0.0000
Ours,age,glass,3,4,0.1552,,,,,,,,,,,0.3529,0.0543,0.3513,0.4444,0.2435,0.2083,0.0938,0.0980,0.0000
Ours,age,impulse,1,4,0.1076,,,,,,,,,,,0.1176,0.0870,0.7312,0.4667,0.0478,0.0917,0.1250,0.1176,0.0000
Ours,age,impulse,2,4,0.0899,,,,,,,,,,,0.1176,0.0978,0.6703,0.3778,0.0217,0.0667,0.2031,0.0784,0.0000
Ours,age,impulse,3,4,0.0888,,,,,,,,,,,0.0588,0.0761,0.6595,0.4074,0.0174,0.1250,0.1875,0.0980,0.0000
Ours,age,jpeg,1,4,0.1225,,,,,,,,,,,0.3529,0.1087,0.4444,0.3926,0.2696,0.1750,0.2188,0.2745,0.1667
Ours,age,jpeg,2,4,0.0651,,,,,,,,,,,0.3529,0.0870,0.4301,0.4074,0.2913,0.0833,0.1094,0.1961,0.1667
Ours,age,jpeg,3,4,0.0886,,,,,,,,,,,0.4706,0.1739,0.3297,0.2741,0.3478,0.2167,0.0469,0.2157,0.0000
Ours,age,shot,1,4,0.1045,,,,,,,,,,,0.5294,0.1304,0.4480,0.5111,0.2261,0.0750,0.0938,0.2549,0.0833
Ours,age,shot,2,4,0.0877,,,,,,,,,,,0.2941,0.1630,0.4731,0.4667,0.1522,0.0917,0.0781,0.2941,0.0000
Ours,age,shot,3,4,0.0684,,,,,,,,,,,0.1765,0.0761,0.5986,0.5185,0.0696,0.0917,0.1250,0.1176,0.0000
